,\L,Z\L,X,x,ox,db,e`w,d[AhX,vTCg,,Ew,^,RAyyn,,nk,g,K,,R,n,e\l,A,Adb,AiExj,AiExjdb,l
iwZ,,kBsiV10-1,,33.893108,130.926239,,,,,E,w}w,1,1,1,1,1,1,1,,,,i,093-331-1881,ih,093-372-0119,
isZ^[,[,kBsi3-1,,33.890327,130.92598,,,,,E,w}w,1,1,1,1,1,1,1,,,,i,093-331-1881,ih,093-372-0119,
sJwlZ^[,[,kBsin6-8,,33.896172,130.927444,,,,,E,w}w,1,1,1,1,1,1,1,,,,i,093-331-1881,ih,093-372-0119,
wZ,,kBsi19-1,,33.888012,130.925659,,,,,E,w}w,1,1,1,1,1,1,1,,,,i,093-331-1881,ih,093-372-0119,
uwZ,,kBsiu6-1,,33.883453,130.930603,,,,,E,w}w,1,1,1,1,1,1,1,,,,i,093-331-1881,ih,093-372-0119,
sZ^[,[,kBsi3-31,,33.88316,130.925446,,,,,E,w}w,1,1,1,1,1,1,1,,,,i,093-331-1881,ih,093-372-0119,
i邈wZ,,kBsi7-1,,33.88509,130.92514,,,,,E,w}w,1,1,1,1,1,1,1,,,,i,093-331-1881,ih,093-372-0119,
wZ,,kBsiV15-1,,33.891144,130.931747,,,,,E,w}w,1,1,1,1,1,1,1,,,,i,093-331-1881,ih,093-372-0119,
wZ,,kBsi1-1,,33.897541,130.933929,,,,,E,w}w,1,1,1,1,1,1,1,,,,i,093-331-1881,ih,093-372-0119,
sZ^[,[,kBsi@13-27,,33.897369,130.929443,,,,,E,w}w,1,1,1,1,1,1,1,,,,i,093-331-1881,ih,093-372-0119,
wZ,,kBsisV1-1,,33.899529,130.940521,,,,,E,w}w,0,0,1,0,1,1,0,,,,i,093-331-1881,ih,093-372-0119,
LwwZ,,kBsil5-1,,33.900806,130.941742,,,,,E,w}w,0,0,1,0,0,1,0,,,,i,093-331-1881,ih,093-372-0119,
i,,kBsic20-1,,33.900158,130.935089,,,,,E,w}w,1,1,1,1,1,1,1,,,,i,093-331-1881,ih,093-372-0119,
sZ^[,[,kBsic2-18,,33.900063,130.935715,,,,,E,w}w,1,1,1,1,1,1,1,,,,i,093-331-1881,ih,093-372-0119,
_,,kBsisV1-4,,33.897755,130.934753,,,,,E,w}w,1,1,1,1,1,1,1,,,,i,093-331-1881,ih,093-372-0119,
wZ,,kBsi\7-1,,33.908867,130.941727,,,,,E,w}w,1,1,1,1,1,1,1,,,,i,093-331-1881,ih,093-372-0119,
,,kBsi{7-21,,33.90873,130.934601,,,,,E,w}w,1,1,1,0,0,1,1,,,,i,093-331-1881,ih,093-372-0119,
,,kBsi{8-8,,33.911968,130.935074,,,,,E,w}w,1,1,1,0,0,1,1,,,,i,093-331-1881,ih,093-372-0119,
sZ^[,[,kBsi\3-7,,33.911648,130.938599,,,,,E,w}w,1,1,1,1,1,1,1,,,,i,093-331-1881,ih,093-372-0119,
uwZ,,kBsi7-1,,33.90477,130.944809,,,,,E,w}w,1,1,1,1,1,1,1,,,,i,093-331-1881,ih,093-372-0119,
mwZ,,kBsil1-1,,33.905468,130.950394,,,,,E,w}w,1,1,1,1,1,1,1,,,,i,093-331-1881,ih,093-372-0119,
usZ^[,[,kBsi松O8-1,,33.905434,130.942963,,,,,E,w}w,1,1,1,1,1,1,1,,,,i,093-331-1881,ih,093-372-0119,
X]wZ,,kBsiHR12-1,,33.920307,130.944809,,,,,E,w}w,1,1,1,1,1,1,1,,,,i,093-331-1881,ih,093-372-0119,
X]sZ^[,[,kBsi5-42,,33.918823,130.942551,,,,,E,w}w,1,1,1,1,1,1,1,,,,i,093-331-1881,ih,093-372-0119,
ixwZ,,kBsi13-1,,33.9169642,130.944287,,,,,E,w}w,1,1,1,1,1,1,1,,,,i,093-331-1881,ih,093-372-0119,
X]wZ,,kBsi^2-1,,33.928482,130.94548,,,,,E,w}w,0,0,1,0,1,1,0,,,,i,093-331-1881,ih,093-372-0119,
X]sZ^[,[,kBsitO9-20,,33.932369,130.947327,,,,,E,w}w,1,1,1,1,1,1,1,,,,i,093-331-1881,ih,093-372-0119,
t,,kBsitO9-18,,33.932716,130.947647,,,,,E,w}w,1,1,1,1,1,1,1,,,,i,093-331-1881,ih,093-372-0119,
iCwZ,,kBsi3-21,,33.942551,130.966736,,,,,E,w}w,0,0,1,0,1,1,0,,,,i,093-331-1881,ih,093-372-0119,
iwZ,,kBsiR5-1,,33.939163,130.969849,,,,,E,w}w,1,1,1,1,1,1,1,,,,i,093-331-1881,ih,093-372-0119,
i,,kBsi1-1,,33.941414,130.95961,,,,,E,w}w,1,1,1,1,1,1,1,,,,i,093-331-1881,ih,093-372-0119,
sZ^[,[,kBsiO5-5,,33.942963,130.962402,,,,,E,w}w,1,1,1,1,1,0,1,,,,i,093-331-1881,ih,093-372-0119,
RsZ^[,[,kBsiJ14-28,,33.941845,130.975006,,,,,E,w}w,1,1,1,1,1,1,1,,,,i,093-331-1881,ih,093-372-0119,
R,,kBsiR4-3,,33.940498,130.970245,,,,,E,w}w,1,1,1,0,0,1,1,,,,i,093-331-1881,ih,093-372-0119,
AqH,,kBsiC3-5,,33.943775,130.957901,,,,,E,w}w,1,1,1,1,0,1,1,,,,i,093-331-1881,ih,093-372-0119,
iwZ,,kBsii16-1,,33.94693,130.974838,,,,,E,w}w,0,0,1,0,1,1,0,,,,i,093-331-1881,ih,093-372-0119,
i,,kBsiV6-7,,33.945492,130.968994,,,,,E,w}w,1,1,1,0,0,1,1,,,,i,093-331-1881,ih,093-372-0119,
VsZ^[,[,kBsii4-16,,33.946602,130.971542,,,,,E,w}w,1,1,1,1,1,1,1,,,,i,093-331-1881,ih,093-372-0119,
`uwZ,,kBsi18-38,,33.953388,130.976074,,,,,E,w}w,1,1,1,1,1,1,1,,,,i,093-331-1881,ih,093-372-0119,
sTuZ^[,[,kBsil6-25,,33.951862,130.966949,,,,,E,w}w,1,1,1,1,0,1,1,,,,i,093-331-1881,ih,093-372-0119,
sZ^[,[,kBsiO1-1,,33.94997,130.978348,,,,,E,w}w,1,1,1,1,1,1,1,,,,i,093-331-1881,ih,093-372-0119,
枸wZ,,kBsiO13-1,,33.950562,130.982468,,,,,E,w}w,1,1,1,1,1,1,1,,,,i,093-331-1881,ih,093-372-0119,
cYwZ,,kBsicY18-1,,33.955303,130.991562,,,,,E,w}w,0,0,1,0,1,1,0,,,,i,093-331-1881,ih,093-372-0119,
cY,,kBsicY1-5,,33.955551,130.988998,,,,,E,w}w,0,0,0,0,0,1,0,,,,i,093-331-1881,ih,093-372-0119,
Y,,kBsicY1141-1,,33.959518,131.00293,,,,,E,w}w,1,1,1,0,0,1,1,,,,i,093-331-1881,ih,093-372-0119,
cYsZ^[,[,kBsiVJ6-11,,33.956913,130.986572,,,,,E,w}w,1,1,0,1,1,1,1,,,,i,093-331-1881,ih,093-372-0119,
wZ,,kBsi974-3,,33.929371,130.987518,,,,,E,w}w,0,0,1,0,1,1,0,,,,i,093-331-1881,ih,093-372-0119,
,,kBsi839,,33.930992,130.994492,,,,,E,w}w,0,0,1,0,1,1,0,,,,i,093-331-1881,ih,093-372-0119,
wZ,,kBsi9-1,,33.924007,130.980667,,,,,E,w}w,1,1,1,1,1,1,1,,,,i,093-331-1881,ih,093-372-0119,
,,kBsi8-10,,33.925827,130.977051,,,,,E,w}w,0,0,1,0,0,1,0,,,,i,093-331-1881,ih,093-372-0119,
,,kBsi725-29,,33.929699,130.994827,,,,,E,w}w,0,0,1,0,0,1,0,,,,i,093-331-1881,ih,093-372-0119,
sZ^[,[,kBsi3-26,,33.923832,130.97966,,,,,E,w}w,1,1,1,1,1,1,1,,,,i,093-331-1881,ih,093-372-0119,
sNR,,kBsiv784-1,,33.90958,131.001251,,,,,E,w}w,0,0,1,0,1,1,0,,,,i,093-331-1881,ih,093-372-0119,
]wZ,,kBsi]O2-1,,33.938602,131.00769,,,,,E,w}w,1,1,1,1,1,1,1,,,,i,093-331-1881,ih,093-372-0119,
]sZ^[,[,kBsi]13-1,,33.93602,131.005692,,,,,E,w}w,1,1,0,1,1,1,1,,,,i,093-331-1881,ih,093-372-0119,
l,,kBsi]317-2,,33.952911,131.018448,,,,,E,w}w,0,0,0,0,0,1,0,,,,i,093-331-1881,ih,093-372-0119,
cwZ,,kBsic1002-1,,33.908264,130.991821,,,,,E,w}w,1,1,1,1,1,0,1,,,,i,093-331-1881,ih,093-372-0119,
csTuZ^[,[,kBsic1407-14,,33.906895,130.994431,,,,,E,w}w,1,1,0,1,0,0,1,,,,i,093-331-1881,ih,093-372-0119,
]kwZ,,kBsi518,,33.883854,130.979935,,,,,E,w}w,1,1,1,1,1,1,1,,,,i,093-331-1881,ih,093-372-0119,
]ksZ^[,[,kBsi903,,33.88208,130.975891,,,,,E,w}w,1,1,1,1,1,1,1,,,,i,093-331-1881,ih,093-372-0119,
iwwZ,,kBsi1462-2,,33.895802,130.984802,,,,,E,w}w,1,1,1,1,1,1,1,,,,i,093-331-1881,ih,093-372-0119,
,,kBsi445,,33.89653,130.978012,,,,,E,w}w,0,0,1,0,0,1,0,,,,i,093-331-1881,ih,093-372-0119,
]wZ,,kBsigu20-1,,33.866356,130.970078,,,,,E,w}w,1,1,1,1,1,1,1,,,,i,093-331-1881,ih,093-372-0119,
]wZ,,kBsi2077,,33.872444,130.973526,,,,,E,w}w,1,1,1,1,1,1,1,,,,i,093-331-1881,ih,093-372-0119,
]sZ^[,[,kBsiguV1-1,,33.870605,130.971603,,,,,E,w}w,1,1,1,1,1,1,1,,,,i,093-331-1881,ih,093-372-0119,
VinZ^[,[,kBsiguV1-1,,33.870495,130.971649,,,,,E,w}w,1,1,1,1,1,1,1,,,,i,093-331-1881,ih,093-372-0119,
Vi,,kBsiguV1-1,,33.87038,130.971054,,,,,E,w}w,1,1,1,1,1,1,1,,,,i,093-331-1881,ih,093-372-0119,
P,,kBsiP21-1,,33.865944,130.975159,,,,,E,w}w,0,0,0,1,0,1,0,,,,i,093-331-1881,ih,093-372-0119,
mYW,,kBsiP12,,33.848175,130.976562,,,,,E,w}w,1,1,1,0,0,1,1,,,,i,093-331-1881,ih,093-372-0119,
YW,,kBsiViO12,,33.8549528,130.986414,,,,,E,w}w,1,1,1,1,1,1,1,,,,i,093-331-1881,ih,093-372-0119,
~y,,kBsi1043,,33.908112,130.977112,,,,,E,w}w,1,1,1,0,0,1,1,,,,i,093-331-1881,ih,093-372-0119,
sTuZ^[,[,kBsi1462-1,,33.906487,130.97966,,,,,E,w}w,1,1,1,1,1,1,1,,,,i,093-331-1881,ih,093-372-0119,
]A,,kBsi]7-18,,33.936531,131.003572,,,,,E,w}w,0,0,1,0,1,1,0,,,,i,093-331-1881,ih,093-372-0119,
@lp@,@,kBsitl12-31,,33.929565,130.945319,,,,,E,w}w,0,0,1,0,1,1,0,,,,i,093-331-1881,ih,093-372-0119,
Jn,,kBsi冥67,,33.887531,130.927979,,,,,E,w},1,1,1,1,1,1,1,,,,,,,,
t,,kBsit12,,33.884171,130.920837,,,,,E,w},0,0,1,0,1,1,0,,,,,,,,
,,kBsisV1,,33.897388,130.93779,,,,,E,w},0,0,1,0,1,1,0,,,,,,,,
X,,kBsi3,,33.91396,130.940231,,,,,E,w},1,1,1,1,1,1,1,,,,,,,,
u,,kBsi松O8,,33.904854,130.943451,,,,,E,w},1,1,1,1,1,1,1,,,,,,,,
V,,kBsii12V3,,33.947433,130.969742,,,,,E,w},0,0,1,0,0,1,0,,,,,,,,
az,,kBsii冥i,,33.958607,130.967087,,,,,E,w},0,0,1,0,0,1,0,,,,,,,,
cYC,,kBsicY2VJ13,,33.95723,130.989807,,,,,E,w},1,1,0,1,0,1,1,,,,,,,,
ViCl,,kBsi,,33.897362,130.986099,,,,,E,w},0,0,0,0,1,1,0,,,,,,,,
],,kBsi,,33.871986,130.976456,,,,,E,w},1,1,1,1,0,1,1,,,,,,,,
Vi,,kBsiVi,,33.863014,130.988129,,,,,E,w},1,1,0,1,0,1,1,,,,,,,,
wZ,,kBs8-1,,33.920349,130.790344,,,,,E,w}w,1,1,1,1,1,1,1,,,,,093-761-5321,h,093-752-0119,
sZ^[,[,kBs8-2,,33.919952,130.79187,,,,,E,w}w,1,1,1,1,1,1,1,,,,,093-761-5321,h,093-752-0119,
mwZ,,kBs{21-1,,33.918892,130.779984,,,,,E,w}w,0,0,1,0,1,1,0,,,,,093-761-5321,h,093-752-0119,
wZ,,kBs{O3-1,,33.915867,130.789169,,,,,E,w}w,1,1,1,1,1,1,1,,,,,093-761-5321,h,093-752-0119,
,,kBs7-11,,33.915661,130.790115,,,,,E,w}w,1,1,1,0,0,1,1,,,,,093-761-5321,h,093-752-0119,
O|,,kBs|967,,33.915485,130.754669,,,,,E,w}w,0,0,1,0,0,1,0,,,,,093-761-5321,h,093-752-0119,
wZ,,kBs15-13,,33.912682,130.792252,,,,,E,w}w,1,1,1,1,1,1,1,,,,,093-761-5321,h,093-752-0119,
[wZ,,kBs13-1,,33.910641,130.793121,,,,,E,w}w,0,0,1,0,1,1,0,,,,,093-761-5321,h,093-752-0119,
[sZ^[,[,kBs[2-12,,33.91198,130.799011,,,,,E,w}w,1,1,1,1,1,1,1,,,,,093-761-5321,h,093-752-0119,
wZ,,kBsR1-1,,33.905014,130.804626,,,,,E,w}w,1,1,1,1,1,1,1,,,,,093-761-5321,h,093-752-0119,
sZ^[,[,kBsl1-2,,33.905376,130.81163,,,,,E,w}w,1,1,1,1,1,1,1,,,,,093-761-5321,h,093-752-0119,
wZ,,kBsR12-45,,33.907253,130.801788,,,,,E,w}w,1,1,1,1,1,1,1,,,,,093-761-5321,h,093-752-0119,
CwZ,,kBsC11-4,,33.90099,130.801956,,,,,E,w}w,1,1,1,1,1,1,1,,,,,093-761-5321,h,093-752-0119,
CsZ^[,[,kBsR9-13,,33.902145,130.805496,,,,,E,w}w,1,1,1,1,1,1,1,,,,,093-761-5321,h,093-752-0119,
,,kBsO1-1,,33.893513,130.80014,,,,,E,w}w,1,1,1,1,1,1,1,,,,,093-761-5321,h,093-752-0119,
OsZ^[,[,kBsO28-23,,33.8927,130.794556,,,,,E,w}w,1,1,1,1,1,1,1,,,,,093-761-5321,h,093-752-0119,
OwZ,,kBsO19-36,,33.896435,130.797272,,,,,E,w}w,0,0,1,0,1,1,0,,,,,093-761-5321,h,093-752-0119,
,,kBsO26-1,,33.896431,130.794846,,,,,E,w}w,0,0,1,0,1,1,0,,,,,093-761-5321,h,093-752-0119,
wZ,,kBs18-1,,33.893902,130.774063,,,,,E,w}w,0,0,1,0,1,1,0,,,,,093-761-5321,h,093-752-0119,
wZ,,kBs12-8,,33.894051,130.77626,,,,,E,w}w,1,1,1,1,1,1,1,,,,,093-761-5321,h,093-752-0119,
msZ^[,[,kBs20-13,,33.894779,130.782883,,,,,E,w}w,1,1,1,1,1,1,1,,,,,093-761-5321,h,093-752-0119,
{[g[X,[[,kBs13-1,,33.887157,130.764725,,,,,E,w}w,1,1,1,1,1,1,1,,,,,093-761-5321,h,093-752-0119,
,,kBsO8-20,,33.888714,130.755981,,,,,E,w}w,0,0,1,0,0,1,0,,,,,093-761-5321,h,093-752-0119,
sZ^[,[,kBs7-3,,33.88768,130.758072,,,,,E,w}w,1,1,1,1,1,1,1,,,,,093-761-5321,h,093-752-0119,
wZ,,kBs13-1,,33.893723,130.748383,,,,,E,w}w,0,0,1,0,1,1,0,,,,,093-761-5321,h,093-752-0119,
[wZ,,kBs|2227,,33.908276,130.741501,,,,,E,w}w,1,1,1,1,1,1,1,,,,,093-761-5321,h,093-752-0119,
kwZ,,kBs|3087-1,,33.903606,130.722778,,,,,E,w}w,1,1,1,1,1,1,1,,,,,093-761-5321,h,093-752-0119,
CN,,kBs|126-2,,33.917114,130.730453,,,,,E,w}w,1,1,1,0,0,1,1,,,,,093-761-5321,h,093-752-0119,
]wZ,,kBs5,,33.906818,130.697952,,,,,E,w}w,1,1,1,1,1,1,1,,,,,093-761-5321,h,093-752-0119,
Z,,kBsZ1307,,33.906029,130.709976,,,,,E,w}w,1,1,1,0,0,1,1,,,,,093-761-5321,h,093-752-0119,
wZ,,kBsk8-26,,33.8928742,130.711442,,,,,E,w}w,1,1,1,1,1,1,1,,,,,093-761-5321,h,093-752-0119,
sZ^[,[,kBsk8-28,,33.8932197,130.710969,,,,,E,w}w,1,1,1,1,1,1,1,,,,,093-761-5321,h,093-752-0119,
kBwpss,,kBs2-1,,33.889851,130.711975,,,,,E,w}w,1,1,1,1,1,1,1,,,,,093-761-5321,h,093-752-0119,
cwZ,,kBscl13-1,,33.898193,130.737289,,,,,E,w}w,1,1,1,1,1,1,1,,,,,093-761-5321,h,093-752-0119,
wZ,,kBsl5-1,,33.896591,130.746689,,,,,E,w}w,1,1,1,1,1,1,1,,,,,093-761-5321,h,093-752-0119,
sZ^[,[,kBsc1-1,,33.893494,130.736572,,,,,E,w}w,1,1,1,1,1,1,1,,,,,093-761-5321,h,093-752-0119,
{wZ,,kBs{l14-1,,33.890362,130.694656,,,,,E,w}w,1,1,1,1,1,1,1,,,,,093-761-5321,h,093-752-0119,
{,,kBs{12-102,,33.886086,130.692947,,,,,E,w}w,1,1,1,0,0,1,1,,,,,093-761-5321,h,093-752-0119,
{sZ^[,[,kBs{k1-2,,33.893105,130.693314,,,,,E,w}w,1,1,1,1,1,1,1,,,,,093-761-5321,h,093-752-0119,
twZ,,kBstO1-1,,33.89904,130.687897,,,,,E,w}w,1,1,1,1,1,1,1,,,,,093-761-5321,h,093-752-0119,
{wZ,,kBs{k1-1,,33.893456,130.692963,,,,,E,w}w,1,1,1,1,1,1,1,,,,,093-761-5321,h,093-752-0119,
tsZ^[,[,kBst14-1,,33.90456,130.687393,,,,,E,w}w,1,1,1,1,1,1,1,,,,,093-761-5321,h,093-752-0119,
[wZZ,,kBs2280-2,,33.929337,130.722244,,,,,E,w}w,1,1,1,1,1,1,1,,,,,093-761-5321,h,093-752-0119,
ecZ^[iecj,[@,kBs1742,,33.932552,130.727646,,,,,E,w}w,1,1,0,0,0,1,1,,,,,093-761-5321,h,093-752-0119,
RXX,,kBsm,,33.921192,130.785034,,,,,E,w},0,0,1,0,0,1,0,,,,,,,,
VJ,,kBsVJ2,,33.905853,130.79541,,,,,E,w},1,1,1,1,1,1,1,,,,,,,,
mR,,kBsO26,,33.892712,130.796585,,,,,E,w},0,0,1,0,1,1,0,,,,,,,,
,,kBs1516,,33.894943,130.771729,,,,,E,w},0,0,1,0,1,1,0,,,,,,,,
,,kBs,,33.888966,130.745712,,,,,E,w},1,1,1,1,1,1,1,,,,,,,,
n,,kBsc|坤|,,33.913067,130.727615,,,,,E,w},1,1,1,1,1,1,1,,,,,,,,
H,,kBsHO18,,33.906677,130.676208,,,,,E,w},1,1,1,1,1,1,1,,,,,,,,
,,kBs~O1,,33.88866,130.705597,,,,,E,w},1,1,1,1,1,1,1,,,,,,,,
,,kBsc9,,33.895542,130.734695,,,,,E,w},1,1,1,1,1,1,1,,,,,,,,
{,,kBs{O12,,33.889359,130.694763,,,,,E,w},1,1,1,1,1,1,1,,,,,,,,
t,,kBst14,,33.90414,130.686676,,,,,E,w},1,1,1,1,1,1,1,,,,,,,,
R,,kBsC,,33.903324,130.798721,,,,,E,w},0,0,1,0,1,1,0,,,,,,,,
wZ,,kBsVr1-12,,33.898239,130.829422,,,,,E,w}w,1,1,1,1,1,1,1,,,,,093-871-1501,h,093-861-0119,
sZ^[,[,kBs3-17,,33.899837,130.821579,,,,,E,w}w,1,1,1,1,1,1,1,,,,,093-871-1501,h,093-861-0119,
sZ^[,[,kBshO1-12,,33.8988,130.830566,,,,,E,w}w,1,1,1,1,1,1,1,,,,,093-871-1501,h,093-861-0119,
sZ^[,[,kBs13-7,,33.894779,130.824539,,,,,E,w}w,1,1,1,1,1,1,1,,,,,093-871-1501,h,093-861-0119,
kBswZ,,kBs10-1,,33.890663,130.827499,,,,,E,w}w,1,1,1,1,1,1,1,,,,,093-871-1501,h,093-861-0119,
X|[cZ^[,[[,kBs1]1,,33.892757,130.828445,,,,,E,w}w,1,1,1,1,1,1,1,,,,,093-871-1501,h,093-861-0119,
qRwZ,,kBs15-25,,33.891445,130.818878,,,,,E,w}w,1,1,1,1,1,1,1,,,,,093-871-1501,h,093-861-0119,
wZ,,kBs6-1,,33.888866,130.824493,,,,,E,w}w,1,1,1,1,1,1,1,,,,,093-871-1501,h,093-861-0119,
qRsZ^[,[,kBsqRl1-22,,33.891075,130.8134,,,,,E,w}w,1,1,1,1,1,0,1,,,,,093-871-1501,h,093-861-0119,
qRsZ^[,[,kBsV3-25,,33.891369,130.821609,,,,,E,w}w,1,1,1,1,1,1,1,,,,,093-871-1501,h,093-861-0119,
uwZ,,kBs3-1,,33.895519,130.838318,,,,,E,w}w,1,1,1,1,1,1,1,,,,,093-871-1501,h,093-861-0119,
wZ,,kBs8-20,,33.893009,130.835114,,,,,E,w}w,1,1,1,1,1,1,1,,,,,093-871-1501,h,093-861-0119,
sZ^[,[,kBs1-4,,33.895096,130.835251,,,,,E,w}w,1,1,1,1,1,1,1,,,,,093-871-1501,h,093-861-0119,
OZsZ^[,[,kBsO12-2,,33.899742,130.837219,,,,,E,w}w,1,1,1,1,1,1,1,,,,,093-871-1501,h,093-861-0119,
BHw,,kBs1-1,,33.89098,130.839508,,,,,E,w}w,1,1,1,1,1,1,1,,,,,093-871-1501,h,093-861-0119,
V廑wZ,,kBs{1-1,,33.886868,130.832825,,,,,E,w}w,1,1,1,1,1,1,1,,,,,093-871-1501,h,093-861-0119,
V廑sZ^[,[,kBs{4-15,,33.885899,130.831558,,,,,E,w}w,1,1,1,1,1,1,1,,,,,093-871-1501,h,093-861-0119,
wZ,,kBs{O1-1,,33.884968,130.833542,,,,,E,w}w,1,1,1,1,1,1,1,,,,,093-871-1501,h,093-861-0119,
JwZ,,kBsJ4-1,,33.877705,130.836517,,,,,E,w}w,1,1,1,1,1,1,1,,,,,093-871-1501,h,093-861-0119,
JsZ^[,[,kBsJ3-17,,33.877998,130.832855,,,,,E,w}w,1,1,1,1,1,1,1,,,,,093-871-1501,h,093-861-0119,
}wZ,,kBs}7-1,,33.884922,130.839996,,,,,E,w}w,1,1,1,1,1,1,1,,,,,093-871-1501,h,093-861-0119,
}sZ^[,[,kBs}8-1,,33.88694,130.839279,,,,,E,w}w,1,1,1,1,1,1,1,,,,,093-871-1501,h,093-861-0119,
JwZ,,kBsJ9-1,,33.879566,130.82962,,,,,E,w}w,1,1,1,1,1,1,1,,,,,093-871-1501,h,093-861-0119,
JwZ,,kBsl6-1,,33.883591,130.827393,,,,,E,w}w,1,1,1,1,1,1,1,,,,,093-871-1501,h,093-861-0119,
JsZ^[,[,kBsJ2-44,,33.879288,130.827286,,,,,E,w}w,1,1,1,1,1,1,1,,,,,093-871-1501,h,093-861-0119,
wZ,,kBsO1-1,,33.893646,130.842728,,,,,E,w}w,1,1,1,1,1,1,1,,,,,093-871-1501,h,093-861-0119,
wZ,,kBs6-1,,33.892429,130.844269,,,,,E,w}w,1,1,1,1,1,1,1,,,,,093-871-1501,h,093-861-0119,
sZ^[,[,kBs2-35,,33.898041,130.845108,,,,,E,w}w,1,1,1,1,1,1,1,,,,,093-871-1501,h,093-861-0119,
wZ,,kBsV廑2-1,,33.890002,130.832271,,,,,E,w}w,1,1,1,1,1,1,1,,,,,093-871-1501,h,093-861-0119,
Q,,kBs2,,33.893391,130.82663,,,,,E,w},1,1,1,1,1,1,1,,,,,,,,
sW],,kBsqRl112712qRC2,,33.890766,130.809341,,,,,E,w},0,0,1,0,0,0,0,,,,,,,,
qRW],,kBsqRO1,,33.887337,130.817856,,,,,E,w},1,1,1,1,1,1,1,,,,,,,,
@,,kBs20,,33.881958,130.837967,,,,,E,w},1,1,1,1,1,1,1,,,,,,,,
,,kBsO12,,33.896606,130.849548,,,,,E,w},1,1,1,1,1,1,1,,,,,,,,
{,,kBs}3{12{1,,33.886868,130.835129,,,,,E,w},1,1,1,1,1,1,1,,,,,,,,
pX,,kBsJ21223Rl11,,33.870453,130.827194,,,,,E,w},0,0,1,0,1,1,0,,,,,,,,
,,kBs156J834qkl156s6,,33.875332,130.840744,,,,,E,w},1,1,1,1,1,1,1,,,,,,,,
uwZ,,kBsqk21-1,,33.886185,130.909714,,,,,E,w}w,1,1,1,1,1,1,1,,,,qk,093-582-3301,qkh,093-582-0119,
usZ^[,[,kBsqkx6-21,,33.883907,130.906006,,,,,E,w}w,1,1,1,1,1,1,1,,,,qk,093-582-3301,qkh,093-582-0119,
xwZ,,kBsqk3-1,,33.881687,130.905594,,,,,E,w}w,1,1,1,1,1,1,1,,,,qk,093-582-3301,qkh,093-582-0119,
xwZ,,kBsqk8-1,,33.880753,130.907043,,,,,E,w}w,1,1,1,1,1,1,1,,,,qk,093-582-3301,qkh,093-582-0119,
x,,kBsqkx1-32,,33.882114,130.894531,,,,,E,w}w,1,1,1,1,1,1,1,,,,qk,093-582-3301,qkh,093-582-0119,
xnZ^[,[,kBsqkx17-17,,33.878643,130.898132,,,,,E,w}w,1,1,1,1,1,1,1,,,,qk,093-582-3301,qkh,093-582-0119,
xsZ^[,[,kBsqk{6-23,,33.881641,130.907318,,,,,E,w}w,1,1,1,1,1,1,1,,,,qk,093-582-3301,qkh,093-582-0119,
qwZ,,kBsqk4-1,,33.881824,130.886658,,,,,E,w}w,1,1,1,1,1,1,1,,,,qk,093-582-3301,qkh,093-582-0119,
ewZ,,kBsqkx2-1,,33.882641,130.893906,,,,,E,w}w,1,1,1,1,1,1,1,,,,qk,093-582-3301,qkh,093-582-0119,
qsZ^[,[,kBsqk4-24,,33.882195,130.887314,,,,,E,w}w,1,1,1,1,1,1,1,,,,qk,093-582-3301,qkh,093-582-0119,
Z^[,[,kBsqkn7-1,,33.880219,130.878128,,,,,E,w}w,1,1,1,1,0,1,1,,,,qk,093-582-3301,qkh,093-582-0119,
Hf,,kBsqkD1-35,,33.880157,130.880447,,,,,E,w}w,1,1,1,1,1,1,1,,,,qk,093-582-3301,qkh,093-582-0119,
qwZ,,kBsqk6-1,,33.882851,130.870438,,,,,E,w}w,1,1,1,1,1,1,1,,,,qk,093-582-3301,qkh,093-582-0119,
viwZ,,kBsqk5-1,,33.885021,130.871124,,,,,E,w}w,1,1,1,1,1,1,1,,,,qk,093-582-3301,qkh,093-582-0119,
UwKZ^[,[,kBsqk6-43,,33.884224,130.870895,,,,,E,w}w,1,1,1,1,1,1,1,,,,qk,093-582-3301,qkh,093-582-0119,
qsZ^[,[,kBsqk5-2,,33.886181,130.871368,,,,,E,w}w,1,1,1,1,1,1,1,,,,qk,093-582-3301,qkh,093-582-0119,
wZ,,kBsqka16-1,,33.874504,130.877487,,,,,E,w}w,1,1,1,1,1,1,1,,,,qk,093-582-3301,qkh,093-582-0119,
,,kBsqkn16-16,,33.878635,130.877686,,,,,E,w}w,0,0,1,0,0,0,0,,,,qk,093-582-3301,qkh,093-582-0119,
sZ^[,[,kBsqka16-2,,33.874886,130.877335,,,,,E,w}w,0,0,1,1,1,1,0,,,,qk,093-582-3301,qkh,093-582-0119,
MDwZ,,kBsqk8-1,,33.868294,130.874908,,,,,E,w}w,1,1,1,1,1,1,1,,,,qk,093-582-3301,qkh,093-582-0119,
wZ,,kBsqk13-1,,33.869785,130.875809,,,,,E,w}w,1,1,1,1,1,1,1,,,,qk,093-582-3301,qkh,093-582-0119,
,,kBsqk7-1,,33.871113,130.879303,,,,,E,w}w,0,0,1,0,0,1,0,,,,qk,093-582-3301,qkh,093-582-0119,
,,kBsqk6-1,,33.868748,130.878937,,,,,E,w}w,0,0,1,0,0,1,0,,,,qk,093-582-3301,qkh,093-582-0119,
MDnZ^[,[,kBsqk20-8,,33.86644,130.876389,,,,,E,w}w,1,1,1,1,1,1,1,,,,qk,093-582-3301,qkh,093-582-0119,
MDsZ^[,[,kBsqk5-8,,33.871239,130.876968,,,,,E,w}w,1,1,1,1,1,1,1,,,,qk,093-582-3301,qkh,093-582-0119,
wZ,,kBsqkF6-7,,33.877956,130.89035,,,,,E,w}w,1,1,1,1,1,1,1,,,,qk,093-582-3301,qkh,093-582-0119,
wZ,,kBsqk3-1,,33.875648,130.885651,,,,,E,w}w,1,1,1,1,1,1,1,,,,qk,093-582-3301,qkh,093-582-0119,
sZ^[,[,kBsqkF8-15,,33.876972,130.891464,,,,,E,w}w,1,1,1,1,1,1,1,,,,qk,093-582-3301,qkh,093-582-0119,
uwZ,,kBsqku12-1,,33.855495,130.896774,,,,,E,w}w,0,0,1,0,1,1,0,,,,qk,093-582-3301,qkh,093-582-0119,
usZ^[,[,kBsqk30-30,,33.860695,130.898727,,,,,E,w}w,1,1,1,1,1,1,1,,,,qk,093-582-3301,qkh,093-582-0119,
wZ,,kBsqk8-1,,33.864552,130.89653,,,,,E,w}w,1,1,1,1,1,1,1,,,,qk,093-582-3301,qkh,093-582-0119,
uwZ,,kBsqkO17-1,,33.861248,130.896622,,,,,E,w}w,1,1,1,1,1,1,1,,,,qk,093-582-3301,qkh,093-582-0119,
Z,,kBsqkZ25-6,,33.862015,130.892853,,,,,E,w}w,0,0,1,0,0,1,0,,,,qk,093-582-3301,qkh,093-582-0119,
sZ^[,[,kBsqk8-3,,33.864845,130.896927,,,,,E,w}w,1,1,1,1,1,1,1,,,,qk,093-582-3301,qkh,093-582-0119,
RwZ,,kBsqkO10-1,,33.870922,130.899811,,,,,E,w}w,1,1,1,1,1,1,1,,,,qk,093-582-3301,qkh,093-582-0119,
_x,,kBsqk_x2-37,,33.873734,130.8936,,,,,E,w}w,0,0,1,0,0,1,0,,,,qk,093-582-3301,qkh,093-582-0119,
F,,kBsqk_x2-8,,33.874207,130.8936,,,,,E,w}w,0,0,1,0,0,1,0,,,,qk,093-582-3301,qkh,093-582-0119,
R,,kBsqk4-17,,33.873356,130.896286,,,,,E,w}w,1,1,1,1,1,1,1,,,,qk,093-582-3301,qkh,093-582-0119,
RsZ^[,[,kBsqkO10-2,,33.871368,130.900223,,,,,E,w}w,1,1,1,1,1,1,1,,,,qk,093-582-3301,qkh,093-582-0119,
OYwZ,,kBsqkOYO13-1,,33.867599,130.888779,,,,,E,w}w,1,1,1,1,1,1,1,,,,qk,093-582-3301,qkh,093-582-0119,
V,,kBsqkV2-24,,33.862045,130.884079,,,,,E,w}w,1,1,1,0,0,1,1,,,,qk,093-582-3301,qkh,093-582-0119,
u,,kBsqkF{2-16,,33.870567,130.892761,,,,,E,w}w,0,0,1,0,0,1,0,,,,qk,093-582-3301,qkh,093-582-0119,
,,kBsqkF{O4-6,,33.867619,130.894913,,,,,E,w}w,1,1,1,0,0,1,1,,,,qk,093-582-3301,qkh,093-582-0119,
OYsZ^[,[,kBsqkF{12-1,,33.868004,130.89151,,,,,E,w}w,1,1,1,1,1,1,1,,,,qk,093-582-3301,qkh,093-582-0119,
qk,,kBsqkOYO4-1,,33.868797,130.889282,,,,,E,w}w,0,0,1,1,1,1,0,,,,qk,093-582-3301,qkh,093-582-0119,
kBfBAh[,[,kBsqkOO1-1,,33.87204,130.887741,,,,,E,w}w,1,1,1,1,1,1,1,,,,qk,093-582-3301,qkh,093-582-0119,
wZ,,kBsqkl4-1,,33.89209,130.858475,,,,,E,w}w,1,1,1,1,1,1,1,,,,qk,093-582-3301,qkh,093-582-0119,
sZ^[,[,kBsqkl3-7,,33.89114,130.859421,,,,,E,w}w,1,1,1,1,1,1,1,,,,qk,093-582-3301,qkh,093-582-0119,
qwZ,,kBsqk8-1,,33.886654,130.863205,,,,,E,w}w,1,1,1,1,1,1,1,,,,qk,093-582-3301,qkh,093-582-0119,
kB}AZ^[,[,kBsqk`9-14,,33.898808,130.862778,,,,,E,w}w,1,1,0,1,0,1,1,,,,qk,093-582-3301,qkh,093-582-0119,
kqsZ^[,[,kBsqk10-1,,33.894127,130.8526,,,,,E,w}w,1,1,1,1,1,1,1,,,,qk,093-582-3301,qkh,093-582-0119,
wZ,,kBsqk12-1,,33.891098,130.850174,,,,,E,w}w,1,1,1,1,1,1,1,,,,qk,093-582-3301,qkh,093-582-0119,
sZ^[,[,kBsqkx7-4,,33.887108,130.850647,,,,,E,w}w,1,1,1,1,1,1,1,,,,qk,093-582-3301,qkh,093-582-0119,
wl,,kBsqk18-3,,33.890152,130.849319,,,,,E,w}w,1,1,1,0,0,1,1,,,,qk,093-582-3301,qkh,093-582-0119,
xwZ,,kBsqkxO15-1,,33.883911,130.845703,,,,,E,w}w,1,1,1,1,1,1,1,,,,qk,093-582-3301,qkh,093-582-0119,
xsZ^[,[,kBsqkxO15-2,,33.8834,130.845245,,,,,E,w}w,1,1,1,1,1,1,1,,,,qk,093-582-3301,qkh,093-582-0119,
wZ,,kBsqk9-1,,33.8792,130.853027,,,,,E,w}w,1,1,1,1,1,1,1,,,,qk,093-582-3301,qkh,093-582-0119,
CwZ,,kBsqk8-1,,33.885063,130.853943,,,,,E,w}w,1,1,1,1,1,1,1,,,,qk,093-582-3301,qkh,093-582-0119,
qkxwZ,,kBsqkl3-1,,33.879124,130.856567,,,,,E,w}w,1,1,1,1,1,1,1,,,,qk,093-582-3301,qkh,093-582-0119,
,,kBsqkl10-5,,33.87611,130.855453,,,,,E,w}w,1,1,1,0,0,1,1,,,,qk,093-582-3301,qkh,093-582-0119,
l,,kBsqkl11-28,,33.870968,130.845139,,,,,E,w}w,1,1,1,0,0,1,1,,,,qk,093-582-3301,qkh,093-582-0119,
sZ^[,[,kBsqkl3-2,,33.878525,130.856506,,,,,E,w}w,1,1,1,1,1,1,1,,,,qk,093-582-3301,qkh,093-582-0119,
qwZ,,kBsqk7-1,,33.87487,130.85672,,,,,E,w}w,1,1,1,1,1,1,1,,,,qk,093-582-3301,qkh,093-582-0119,
qHwZ,,kBsqk6-1,,33.884708,130.855255,,,,,E,w}w,1,1,1,1,1,1,1,,,,qk,093-582-3301,qkh,093-582-0119,
wZ@l@}w,@,kBsqk2-23,,33.8756,130.857468,,,,,E,w}w,1,1,1,1,1,1,1,,,,qk,093-582-3301,qkh,093-582-0119,
wZ,,kBsqk3-1,,33.869541,130.850601,,,,,E,w}w,1,1,1,1,1,1,1,,,,qk,093-582-3301,qkh,093-582-0119,
,,kBsqk{4-10,,33.870998,130.851349,,,,,E,w}w,1,1,1,0,0,1,1,,,,qk,093-582-3301,qkh,093-582-0119,
sZ^[,[,kBsqk^5-15,,33.873116,130.856201,,,,,E,w}w,1,1,1,1,1,1,1,,,,qk,093-582-3301,qkh,093-582-0119,
wZ,,kBsqk13-1,,33.873711,130.861481,,,,,E,w}w,1,1,1,1,1,1,1,,,,qk,093-582-3301,qkh,093-582-0119,
wZ,,kBsqk8-1,,33.875168,130.864716,,,,,E,w}w,1,1,1,1,1,1,1,,,,qk,093-582-3301,qkh,093-582-0119,
,,kBsqkO7-6,,33.874184,130.859604,,,,,E,w}w,1,1,1,0,0,1,1,,,,qk,093-582-3301,qkh,093-582-0119,
sZ^[,[,kBsqkV6-5,,33.870621,130.862823,,,,,E,w}w,1,1,1,1,1,1,1,,,,qk,093-582-3301,qkh,093-582-0119,
qwZ,,kBsqkVc1-1,,33.868801,130.864014,,,,,E,w}w,1,1,1,1,1,1,1,,,,qk,093-582-3301,qkh,093-582-0119,
qwZ,,kBsqk4-1,,33.867168,130.859314,,,,,E,w}w,1,1,1,1,1,1,1,,,,qk,093-582-3301,qkh,093-582-0119,
,,kBsqkO1-2,,33.872074,130.866257,,,,,E,w}w,1,1,1,1,1,1,1,,,,qk,093-582-3301,qkh,093-582-0119,
Vc,,kBsqkVc3-1,,33.866283,130.865662,,,,,E,w}w,0,0,1,0,0,1,0,,,,qk,093-582-3301,qkh,093-582-0119,
Rc,,kBsqk3-9,,33.863598,130.858444,,,,,E,w}w,1,1,1,0,0,1,1,,,,qk,093-582-3301,qkh,093-582-0119,
RcnZ^[,[,kBsqk9-1,,33.861973,130.85733,,,,,E,w}w,1,1,1,1,1,1,1,,,,qk,093-582-3301,qkh,093-582-0119,
qsZ^[,[,kBsqkVc10-3,,33.866596,130.86615,,,,,E,w}w,1,1,1,1,1,1,1,,,,qk,093-582-3301,qkh,093-582-0119,
NCwZ@]w,@,kBsqkVc29-1,,33.865959,130.862213,,,,,E,w}w,1,1,1,1,1,1,1,,,,qk,093-582-3301,qkh,093-582-0119,
uwZ,,kBsqku1-1,,33.853058,130.869354,,,,,E,w}w,1,1,1,1,1,1,1,,,,qk,093-582-3301,qkh,093-582-0119,
usZ^[,[,kBsqkFJ26-15,,33.86087,130.866196,,,,,E,w}w,1,1,1,1,1,1,1,,,,qk,093-582-3301,qkh,093-582-0119,
FJ,,kBsqkFJ3-11,,33.857353,130.865631,,,,,E,w}w,1,1,1,0,0,1,1,,,,qk,093-582-3301,qkh,093-582-0119,
wZ,,kBsqkO19-1,,33.854038,130.87233,,,,,E,w}w,1,1,1,1,1,1,1,,,,qk,093-582-3301,qkh,093-582-0119,
,,kBsqk20-1,,33.857086,130.873657,,,,,E,w}w,0,0,1,0,0,1,0,,,,qk,093-582-3301,qkh,093-582-0119,
sZ^[,[,kBsqkO19-2,,33.854733,130.872803,,,,,E,w}w,1,1,1,1,1,1,1,,,,qk,093-582-3301,qkh,093-582-0119,
wZ,,kBsqk246-3,,33.992802,130.818069,,,,,E,w}w,1,1,1,1,0,1,1,,,,qk,093-582-3301,qkh,093-582-0119,
^DwZ,,kBsqk5-1,,33.897247,130.852154,,,,,E,w}w,1,1,1,1,1,1,1,,,,qk,093-582-3301,qkh,093-582-0119,
T[q_t,[,kBsqkxO2-8,,33.886195,130.898913,,,,,E,w}w,1,1,1,0,0,1,1,,,,qk,093-582-3301,qkh,093-582-0119,
R,,kBsqkl8,,33.890663,130.913406,,,,,E,w},0,0,1,0,1,1,0,,,,,,,,
C,,kBsqkC123,,33.893364,130.906158,,,,,E,w},1,1,1,1,0,1,1,,,,,,,,
Ch1`4n,,kBsqkO710,,33.892368,130.885254,,,,,E,w},0,0,1,1,0,1,0,,,,,,,,
,,kBsqkO3`6,,33.890961,130.884827,,,,,E,w},0,0,1,1,0,1,0,,,,,,,,
`,,kBsqk`6,,33.893993,130.867203,,,,,E,w},0,0,1,1,0,1,0,,,,,,,,
,,kBsqk28,,33.884388,130.862152,,,,,E,w},1,1,1,1,1,1,1,,,,,,,,
O,,kBsqkO10OO,,33.871387,130.886093,,,,,E,w},0,0,1,1,0,1,0,,,,,,,,
C,,kBsqk`,,33.903477,130.867661,,,,,E,w},1,1,1,1,1,1,1,,,,,,,,
u,,kBsqk2223,,33.867088,130.854431,,,,,E,w},1,1,1,1,1,1,1,,,,,,,,
,,kBsqk15,,33.874821,130.871033,,,,,E,w},0,0,1,1,1,1,0,,,,,,,,
Rcn,,kBsqkRc34,,33.853027,130.856583,,,,,E,w},0,0,1,0,1,1,0,,,,,,,,
,,kBsqk3,,33.860348,130.875046,,,,,E,w},0,0,1,1,1,1,0,,,,,,,,
R,,kBsqk12343D1,,33.881832,130.872559,,,,,E,w},1,1,1,1,1,1,1,,,,,,,,
,,kBsqk搐x欷冥辚冥RR,,33.86937,130.904572,,,,,E,w},0,0,1,0,1,1,0,,,,,,,,
sZ^[,[,kBsqxmO1-3,,33.860031,130.881821,,,,,E,w}w,1,1,1,0,0,1,1,,,,q,093-951-4111,qh,093-951-0119,
wZ,,kBsqxmO2-1,,33.8591,130.880646,,,,,E,w}w,1,1,1,1,1,1,1,,,,q,093-951-4111,qh,093-951-0119,
wZ,,kBsqxmO3-1,,33.860065,130.880768,,,,,E,w}w,1,1,1,1,1,1,1,,,,q,093-951-4111,qh,093-951-0119,
qwZ,,kBsqxm9-1,,33.856552,130.882339,,,,,E,w}w,1,1,1,1,1,1,1,,,,q,093-951-4111,qh,093-951-0119,
qwZ,,kBsqxmO5-1,,33.860416,130.878784,,,,,E,w}w,1,1,1,1,1,1,1,,,,q,093-951-4111,qh,093-951-0119,
sZ^[,[,kBsql1-50,,33.84705,130.885162,,,,,E,w}w,1,1,1,1,1,1,1,,,,q,093-951-4111,qh,093-951-0119,
wZ,,kBsqO14-22,,33.846714,130.890121,,,,,E,w}w,1,1,1,1,1,1,1,,,,q,093-951-4111,qh,093-951-0119,
~wZ,,kBsq1-1,,33.843304,130.885574,,,,,E,w}w,1,1,1,1,1,1,1,,,,q,093-951-4111,qh,093-951-0119,
kBwZ,,kBsq1-1,,33.847229,130.88295,,,,,E,w}w,1,1,1,1,1,1,1,,,,q,093-951-4111,qh,093-951-0119,
ksZ^[,[,kBsqk16-10,,33.848717,130.880188,,,,,E,w}w,1,1,1,1,1,1,1,,,,q,093-951-4111,qh,093-951-0119,
kwZ,,kBsqk2-1,,33.850674,130.879608,,,,,E,w}w,1,1,1,1,1,1,1,,,,q,093-951-4111,qh,093-951-0119,
knZ^[,[,kBsqkO31-1,,33.849155,130.877121,,,,,E,w}w,1,1,1,1,1,1,1,,,,q,093-951-4111,qh,093-951-0119,
w@l@kBsw,,kBsqkl2-1,,33.844517,130.878693,,,,,E,w}w,1,1,1,1,1,1,1,,,,q,093-951-4111,qh,093-951-0119,
qn,,kBsqkl5-1,,33.843666,130.874786,,,,,E,w}w,1,1,1,1,1,1,1,,,,q,093-951-4111,qh,093-951-0119,
PsZ^[,[,kBsqP8-36,,33.833267,130.876755,,,,,E,w}w,1,1,1,1,1,1,1,,,,q,093-951-4111,qh,093-951-0119,
PwZ,,kBsqa1-1,,33.829853,130.879684,,,,,E,w}w,1,1,1,1,1,1,1,,,,q,093-951-4111,qh,093-951-0119,
PwZ,,kBsqtRO3-10,,33.83503,130.882446,,,,,E,w}w,1,1,1,1,1,1,1,,,,q,093-951-4111,qh,093-951-0119,
q,,kBsqo5-1,,33.839252,130.87912,,,,,E,w}w,1,1,1,1,1,1,1,,,,q,093-951-4111,qh,093-951-0119,
LsZ^[,[,kBsqZ3-2,,33.827087,130.863449,,,,,E,w}w,1,1,1,1,1,1,1,,,,q,093-951-4111,qh,093-951-0119,
LwZ,,kBsql1-1,,33.829647,130.862183,,,,,E,w}w,1,1,1,1,1,1,1,,,,q,093-951-4111,qh,093-951-0119,
LwZ,,kBsql13-1,,33.829895,130.859268,,,,,E,w}w,1,1,1,1,1,1,1,,,,q,093-951-4111,qh,093-951-0119,
nZ^[,[,kBsqZ3-1,,33.827282,130.863464,,,,,E,w}w,1,1,1,1,1,1,1,,,,q,093-951-4111,qh,093-951-0119,
sZ^[,[,kBsq5-37,,33.834702,130.864578,,,,,E,w}w,1,1,1,1,1,1,1,,,,q,093-951-4111,qh,093-951-0119,
wZ,,kBsqV2-1,,33.835522,130.867767,,,,,E,w}w,1,1,1,1,1,1,1,,,,q,093-951-4111,qh,093-951-0119,
,,kBsq11-18,,33.834145,130.861832,,,,,E,w}w,1,1,1,1,1,1,1,,,,q,093-951-4111,qh,093-951-0119,
kBsw,@,kBsqO4-1,,33.842041,130.86676,,,,,E,w}w,1,1,1,1,1,1,1,,,,q,093-951-4111,qh,093-951-0119,
~usZ^[,[,kBsql17-5,,33.824326,130.870255,,,,,E,w}w,1,1,1,1,1,1,1,,,,q,093-951-4111,qh,093-951-0119,
~uwZ,,kBsq~u1-1,,33.822792,130.876266,,,,,E,w}w,1,1,1,1,1,1,1,,,,q,093-951-4111,qh,093-951-0119,
uwZ,,kBsq~ul4-1,,33.826603,130.87355,,,,,E,w}w,1,1,1,1,1,1,1,,,,q,093-951-4111,qh,093-951-0119,
usZ^[,[,kBsqu279,,33.815231,130.875137,,,,,E,w}w,1,1,1,1,1,1,1,,,,q,093-951-4111,qh,093-951-0119,
uwZ,,kBsqu280,,33.814465,130.875763,,,,,E,w}w,1,1,1,1,1,1,1,,,,q,093-951-4111,qh,093-951-0119,
kBHwZ,,kBsqu20-1,,33.816387,130.872269,,,,,E,w}w,1,1,1,1,1,1,1,,,,q,093-951-4111,qh,093-951-0119,
sZ^[,[,kBsql13-1,,33.831184,130.896744,,,,,E,w}w,1,1,1,1,1,1,1,,,,q,093-951-4111,qh,093-951-0119,
wZ,,kBsq4-1,,33.830399,130.891907,,,,,E,w}w,1,1,1,1,1,1,1,,,,q,093-951-4111,qh,093-951-0119,
wZ,,kBsqkO5-1,,33.833805,130.896652,,,,,E,w}w,1,1,1,1,1,1,1,,,,q,093-951-4111,qh,093-951-0119,
cnZ^[,[,kBsq1-1,,33.837055,130.904816,,,,,E,w}w,1,1,1,1,1,1,1,,,,q,093-951-4111,qh,093-951-0119,
kBs_Z^[,[,kBsq6-1,,33.834667,130.901001,,,,,E,w}w,1,1,1,0,0,1,1,,,,q,093-951-4111,qh,093-951-0119,
sZ^[,[,kBsq8-33,,33.845043,130.901245,,,,,E,w}w,1,1,1,1,1,1,1,,,,q,093-951-4111,qh,093-951-0119,
wZ,,kBsqV8-1,,33.846825,130.895187,,,,,E,w}w,1,1,1,1,1,1,1,,,,q,093-951-4111,qh,093-951-0119,
wZ,,kBsqVl25-1,,33.839581,130.90419,,,,,E,w}w,1,1,1,1,1,1,1,,,,q,093-951-4111,qh,093-951-0119,
sZ^[,[,kBsq{O4-34,,33.842991,130.921356,,,,,E,w}w,1,1,1,1,1,1,1,,,,q,093-951-4111,qh,093-951-0119,
wZ,,kBsql24-1,,33.843967,130.915771,,,,,E,w}w,1,1,1,1,1,1,1,,,,q,093-951-4111,qh,093-951-0119,
}wBh{wqLpX,,kBsq5-1,,33.848595,130.92511,,,,,E,w}w,0,0,1,0,1,1,0,,,,q,093-951-4111,qh,093-951-0119,
sZ^[,[,kBsql28-1,,33.849434,130.9375,,,,,E,w}w,1,1,1,1,1,1,1,,,,q,093-951-4111,qh,093-951-0119,
wZ,,kBsq{4-1,,33.84837,130.938904,,,,,E,w}w,1,1,1,1,1,1,1,,,,q,093-951-4111,qh,093-951-0119,
wZ,,kBsq1-1,,33.84269,130.9319,,,,,E,w}w,1,1,1,1,1,1,1,,,,q,093-951-4111,qh,093-951-0119,
gcsZ^[,[,kBsqgcZ27-5,,33.8489,130.954437,,,,,E,w}w,1,1,1,1,1,1,1,,,,q,093-951-4111,qh,093-951-0119,
gcwZ,,kBsqgc3-1,,33.847019,130.949753,,,,,E,w}w,1,1,1,1,1,1,1,,,,q,093-951-4111,qh,093-951-0119,
gcwZ,,kBsqgcO8-1,,33.845917,130.950699,,,,,E,w}w,1,1,1,1,1,1,1,,,,q,093-951-4111,qh,093-951-0119,
sZ^[,[,kBsqgcO1-1,,33.855637,130.948746,,,,,E,w}w,1,1,1,1,1,1,1,,,,q,093-951-4111,qh,093-951-0119,
wZ,,kBsqgcO11-1,,33.858086,130.947723,,,,,E,w}w,1,1,1,1,1,1,1,,,,q,093-951-4111,qh,093-951-0119,
cgccnW,,kBsqgcO23-15E16,,33.855495,130.942993,,,,,E,w}w,1,1,1,0,0,1,1,,,,q,093-951-4111,qh,093-951-0119,
]sZ^[,[,kBsq]O9-7,,33.823467,130.939346,,,,,E,w}w,1,1,1,1,1,1,1,,,,q,093-951-4111,qh,093-951-0119,
]wZ,,kBsq]O9-1,,33.824562,130.939819,,,,,E,w}w,1,1,1,1,1,1,1,,,,q,093-951-4111,qh,093-951-0119,
]wZ,,kBsq]13-1,,33.823895,130.938171,,,,,E,w}w,1,1,1,1,1,1,1,,,,q,093-951-4111,qh,093-951-0119,
]sZ^[,[,kBsq]l22-3,,33.83041,130.940979,,,,,E,w}w,1,1,1,1,1,1,1,,,,q,093-951-4111,qh,093-951-0119,
]wZ,,kBsq]O5-1,,33.828735,130.946655,,,,,E,w}w,1,1,1,1,0,1,1,,,,q,093-951-4111,qh,093-951-0119,
]Vc,,kBsq]VckO16-47,,33.821438,130.952011,,,,,E,w}w,1,1,0,0,0,1,1,,,,q,093-951-4111,qh,093-951-0119,
csZ^[,[,kBsqcO16-31,,33.826801,130.930267,,,,,E,w}w,1,1,1,1,1,1,1,,,,q,093-951-4111,qh,093-951-0119,
cwZ,,kBsqcV1-1,,33.829685,130.92804,,,,,E,w}w,1,1,1,1,0,1,1,,,,q,093-951-4111,qh,093-951-0119,
cwZ,,kBsqc1-1,,33.822754,130.930023,,,,,E,w}w,1,1,1,1,1,1,1,,,,q,093-951-4111,qh,093-951-0119,
LO{,,kBsqc1-2,,33.820099,130.927261,,,,,E,w}w,1,1,1,1,1,1,1,,,,q,093-951-4111,qh,093-951-0119,
c,,kBsqcO13-1,,33.825901,130.932419,,,,,E,w}w,1,1,1,1,1,1,1,,,,q,093-951-4111,qh,093-951-0119,
sZ^[,[,kBsq11-1,,33.816929,130.921432,,,,,E,w}w,1,1,1,1,1,1,1,,,,q,093-951-4111,qh,093-951-0119,
wZ,,kBsqO1-1,,33.816387,130.921585,,,,,E,w}w,1,1,1,1,1,1,1,,,,q,093-951-4111,qh,093-951-0119,
,,kBsq{10-1,,33.830933,130.915161,,,,,E,w}w,1,1,1,0,0,1,1,,,,q,093-951-4111,qh,093-951-0119,
sZ^[,[,kBsqO6-39,,33.809181,130.946747,,,,,E,w}w,1,1,1,1,1,1,1,,,,q,093-951-4111,qh,093-951-0119,
wZ,,kBsq12-1,,33.806671,130.95015,,,,,E,w}w,1,1,1,1,1,1,1,,,,q,093-951-4111,qh,093-951-0119,
]wZ,,kBsq]12-1,,33.812836,130.944489,,,,,E,w}w,1,1,1,1,1,1,1,,,,q,093-951-4111,qh,093-951-0119,
JsZ^[,[,kBsq704-1,,33.778969,130.866226,,,,,E,w}w,1,1,1,1,1,1,1,,,,q,093-951-4111,qh,093-951-0119,
VwZ,,kBsqV820-1,,33.786545,130.869446,,,,,E,w}w,1,1,1,1,1,1,1,,,,q,093-951-4111,qh,093-951-0119,
JwZ,,kBsq499-1,,33.77766,130.864807,,,,,E,w}w,1,1,1,1,1,1,1,,,,q,093-951-4111,qh,093-951-0119,
,,kBsq6-1,,33.756882,130.895111,,,,,E,w}w,1,1,1,0,0,1,1,,,,q,093-951-4111,qh,093-951-0119,
kBqwZ,,kBsq5-24,,33.757629,130.89563,,,,,E,w}w,1,1,1,1,1,1,1,,,,q,093-951-4111,qh,093-951-0119,
swZ,,kBsqs472-2,,33.762897,130.867859,,,,,E,w}w,1,1,1,1,1,1,1,,,,q,093-951-4111,qh,093-951-0119,
s,,kBsqs454,,33.764797,130.868256,,,,,E,w}w,1,1,1,0,0,1,1,,,,q,093-951-4111,qh,093-951-0119,
ssZ^[,[,kBsqgO3-16,,33.812298,130.855698,,,,,E,w}w,1,1,1,1,1,1,1,,,,q,093-951-4111,qh,093-951-0119,
JsZ^[,[,kBsqg6-10,,33.808586,130.854111,,,,,E,w}w,1,1,1,1,1,1,1,,,,q,093-951-4111,qh,093-951-0119,
swZ,,kBsqsO8-1,,33.817692,130.858917,,,,,E,w}w,1,1,1,1,1,1,1,,,,q,093-951-4111,qh,093-951-0119,
wZ,,kBsqg2-1,,33.808586,130.853333,,,,,E,w}w,1,1,1,1,1,1,1,,,,q,093-951-4111,qh,093-951-0119,
^,,kBsqgO11-1,,33.813313,130.865021,,,,,E,w}w,0,0,1,0,0,1,0,,,,q,093-951-4111,qh,093-951-0119,
sZ^[,[,kBsqs1-1,,33.820908,130.854523,,,,,E,w}w,1,1,1,1,1,1,1,,,,q,093-951-4111,qh,093-951-0119,
wZ,,kBsql30-1,,33.822407,130.856766,,,,,E,w}w,1,1,1,1,1,1,1,,,,q,093-951-4111,qh,093-951-0119,
@sct,,kBsqsl12-1,,33.813637,130.85144,,,,,E,w}w,1,1,1,1,1,1,1,,,,q,093-951-4111,qh,093-951-0119,
nwZ,,kBsqn304,,33.812763,130.832077,,,,,E,w}w,1,1,1,1,1,1,1,,,,q,093-951-4111,qh,093-951-0119,
{,,kBsqO307,,33.818401,130.823593,,,,,E,w}w,1,1,1,0,0,1,1,,,,q,093-951-4111,qh,093-951-0119,
wZ,,kBsqR{393-6,,33.800354,130.848358,,,,,E,w}w,1,1,1,1,1,1,1,,,,q,093-951-4111,qh,093-951-0119,
wZ,,kBsq1646,,33.777931,130.841766,,,,,E,w}w,0,0,1,1,1,1,0,,,,q,093-951-4111,qh,093-951-0119,
NR,,kBsqg451-1,,33.741982,130.844162,,,,,E,w}w,1,1,1,1,1,1,1,,,,q,093-951-4111,qh,093-951-0119,
tg,,kBsqtg549-2,,33.792683,130.848038,,,,,E,w}w,1,1,1,0,0,1,1,,,,q,093-951-4111,qh,093-951-0119,
sZ^[,[,kBsq1215-1,,33.800415,130.958176,,,,,E,w}w,1,1,1,1,1,1,1,,,,q,093-951-4111,qh,093-951-0119,
wZ,,kBsqO4-1,,33.800915,130.958832,,,,,E,w}w,1,1,1,1,1,1,1,,,,q,093-951-4111,qh,093-951-0119,
snsn(jqH,[[,kBsq1-1,,33.800995,130.96405,,,,,E,w}w,1,1,1,1,1,1,1,,,,q,093-951-4111,qh,093-951-0119,
{,,kBsq5-3,,33.85278,130.887889,,,,,E,w}w,1,1,1,1,1,1,1,,,,q,093-951-4111,qh,093-951-0119,
tR,,kBsqtRO,,33.835705,130.882675,,,,,E,w},1,1,1,1,1,1,1,,,,,,,,
,,kBsqV12O1121314,,33.840347,130.869141,,,,,E,w},0,0,1,1,1,1,0,,,,,,,,
uX,,kBsqu,,33.804108,130.880127,,,,,E,w},0,0,1,0,1,1,0,,,,,,,,
u,,kBsqu12,,33.819881,130.881271,,,,,E,w},1,1,1,1,1,1,1,,,,,,,,
,,kBsqcO101213,,33.831924,130.890091,,,,,E,w},1,1,1,1,1,1,1,,,,,,,,
u,,kBsquO4,,33.825825,130.904633,,,,,E,w},1,1,1,1,1,1,1,,,,,,,,
,,kBsqVO24,,33.839821,130.900848,,,,,E,w},0,0,1,1,0,1,0,,,,,,,,
,,kBsq{O45,,33.842449,130.921936,,,,,E,w},1,1,1,1,1,1,1,,,,,,,,
,,kBsq7,,33.841885,130.909332,,,,,E,w},0,0,1,1,1,1,0,,,,,,,,
V,,kBsqVO4,,33.854538,130.945679,,,,,E,w},1,1,1,1,1,1,1,,,,,,,,
gc,,kBsqgcO19,,33.845238,130.963974,,,,,E,w},0,0,1,0,1,1,0,,,,,,,,
gc,,kBsqgc8,,33.848843,130.947571,,,,,E,w},1,1,1,1,1,1,1,,,,,,,,
gczu,,kBsqgc10,,33.843891,130.948074,,,,,E,w},1,1,1,1,0,1,1,,,,,,,,
],,kBsq]O4,,33.828281,130.945343,,,,,E,w},1,1,1,1,0,1,1,,,,,,,,
LO,,kBsqc1,,33.820354,130.927612,,,,,E,w},1,1,1,1,1,1,1,,,,,,,,
n,,kBsq欷,,33.819515,130.91127,,,,,E,w},0,0,1,0,1,1,0,,,,,,,,
,,kBsqu1{7,,33.808231,130.930542,,,,,E,w},1,1,1,1,1,1,1,,,,,,,,
g,,kBsqgO125,,33.811497,130.856247,,,,,E,w},0,0,1,1,1,1,0,,,,,,,,
,,kBsq1011,,33.826431,130.855164,,,,,E,w},1,1,1,1,1,1,1,,,,,,,,
n|,,kBsqn,,33.812767,130.839645,,,,,E,w},0,0,1,0,1,1,0,,,,,,,,
,,kBsq12,,33.803581,130.954498,,,,,E,w},1,1,1,1,1,1,1,,,,,,,,
,,kBsq,,33.809784,130.972107,,,,,E,w},1,1,1,1,0,1,1,,,,,,,,
R,,kBsqR314l11,,33.849438,130.908661,,,,,E,w},0,0,1,0,1,1,0,,,,,,,,
wZ,,kBs5-1,,33.855206,130.830734,,,,,E,w}w,1,1,1,1,1,1,1,,,,,093-671-0801,h,093-663-0119,
cwZ,,kBs{5-1,,33.861435,130.832474,,,,,E,w}w,1,1,1,1,1,1,1,,,,,093-671-0801,h,093-663-0119,
jsZ^[,[,kBs{2-10,,33.862225,130.833832,,,,,E,w}w,1,1,1,1,1,1,1,,,,,093-671-0801,h,093-663-0119,
sZ^[,[,kBs5-2,,33.855,130.831573,,,,,E,w}w,1,1,1,1,1,1,1,,,,,093-671-0801,h,093-663-0119,
cwZ,,kBs9-1,,33.862343,130.841202,,,,,E,w}w,1,1,1,1,1,1,1,,,,,093-671-0801,h,093-663-0119,
wZ,,kBscO1-1,,33.858044,130.839874,,,,,E,w}w,1,1,1,1,1,1,1,,,,,093-671-0801,h,093-663-0119,
csZ^[,[,kBs19-1,,33.86375,130.843491,,,,,E,w}w,1,1,1,1,1,1,1,,,,,093-671-0801,h,093-663-0119,
,,kBs4-1,,33.873245,130.841614,,,,,E,w}w,1,1,1,1,1,1,1,,,,,093-671-0801,h,093-663-0119,
wZ,,kBsl1-1,,33.868912,130.837845,,,,,E,w}w,0,0,1,1,1,1,0,,,,,093-671-0801,h,093-663-0119,
wZ,,kBsl4-1,,33.870869,130.838776,,,,,E,w}w,1,1,1,1,1,1,1,,,,,093-671-0801,h,093-663-0119,
sZ^[,[,kBs8-20,,33.867367,130.834381,,,,,E,w}w,1,1,1,1,1,1,1,,,,,093-671-0801,h,093-663-0119,
kBoxwZ,,kBs1-12,,33.870785,130.8358,,,,,E,w}w,1,1,1,1,1,1,1,,,,,093-671-0801,h,093-663-0119,
ct,,kBsO1-32,,33.868267,130.836624,,,,,E,w}w,0,0,1,1,1,1,0,,,,,093-671-0801,h,093-663-0119,
_,,kBs1-1,,33.866199,130.825394,,,,,E,w}w,1,1,1,0,0,1,1,,,,,093-671-0801,h,093-663-0119,
wZ,,kBs7-2,,33.830154,130.799408,,,,,E,w}w,1,1,1,1,1,1,1,,,,,093-671-0801,h,093-663-0119,
c,,kBsc13-9,,33.806374,130.79718,,,,,E,w}w,0,0,1,0,0,1,0,,,,,093-671-0801,h,093-663-0119,
jwZ,,kBsj23-12,,33.861748,130.827576,,,,,E,w}w,0,0,1,0,1,1,0,,,,,093-671-0801,h,093-663-0119,
wZ,,kBs4-1,,33.865593,130.822052,,,,,E,w}w,1,1,1,1,1,1,1,,,,,093-671-0801,h,093-663-0119,
wZ,,kBsR1-1,,33.858105,130.82016,,,,,E,w}w,0,0,1,0,1,1,0,,,,,093-671-0801,h,093-663-0119,
EP@lkBnEP,,kBs13-7,,33.859779,130.820419,,,,,E,w}w,1,1,1,1,1,1,1,,,,,093-671-0801,h,093-663-0119,
sZ^[,[,kBs1-40,,33.8633,130.82016,,,,,E,w}w,1,1,1,1,1,1,1,,,,,093-671-0801,h,093-663-0119,
}wZ,,kBs}l12-1,,33.881954,130.818192,,,,,E,w}w,1,1,1,1,1,1,1,,,,,093-671-0801,h,093-663-0119,
}ksZ^[,[,kBs}8-5,,33.88113,130.812073,,,,,E,w}w,1,1,1,1,1,1,1,,,,,093-671-0801,h,093-663-0119,
}wZ,,kBs}8-1,,33.882679,130.820206,,,,,E,w}w,1,1,1,1,1,1,1,,,,,093-671-0801,h,093-663-0119,
uwZ,,kBszK7-1,,33.87199,130.822495,,,,,E,w}w,1,1,1,1,1,1,1,,,,,093-671-0801,h,093-663-0119,
},,kBso14-1,,33.874638,130.816666,,,,,E,w}w,1,1,1,1,1,0,1,,,,,093-671-0801,h,093-663-0119,
}sZ^[,[,kBso5-11,,33.874092,130.817978,,,,,E,w}w,1,1,1,1,1,0,1,,,,,093-671-0801,h,093-663-0119,
wZ,,kBsO9-1,,33.866161,130.813263,,,,,E,w}w,0,0,1,0,1,1,0,,,,,093-671-0801,h,093-663-0119,
wZ,,kBsO9-2,,33.866798,130.814178,,,,,E,w}w,0,0,1,0,1,1,0,,,,,093-671-0801,h,093-663-0119,
JsZ^[,[,kBs1-1,,33.863888,130.81076,,,,,E,w}w,1,1,1,1,1,1,1,,,,,093-671-0801,h,093-663-0119,
}sZ^[,[,kBsO9-5,,33.865993,130.817612,,,,,E,w}w,1,1,1,1,1,1,1,,,,,093-671-0801,h,093-663-0119,
,,kBsO9-6,,33.867195,130.815735,,,,,E,w}w,1,1,1,1,1,1,1,,,,,093-671-0801,h,093-663-0119,
MqwZ,,kBsq15-1,,33.863052,130.800766,,,,,E,w}w,1,1,1,1,1,1,1,,,,,093-671-0801,h,093-663-0119,
qwZ,,kBsqO10-1,,33.862556,130.795364,,,,,E,w}w,1,1,1,1,1,1,1,,,,,093-671-0801,h,093-663-0119,
qsZ^[,[,kBsq15-2,,33.863319,130.800812,,,,,E,w}w,1,1,1,1,1,1,1,,,,,093-671-0801,h,093-663-0119,
V_sTuZ^[,[,kBsV_4-24,,33.859894,130.802856,,,,,E,w}w,1,1,1,1,1,1,1,,,,,093-671-0801,h,093-663-0119,
eewZ,,kBs{2-1,,33.867764,130.795502,,,,,E,w}w,1,1,1,1,1,1,1,,,,,093-671-0801,h,093-663-0119,
OcsZ^[,[,kBs_5-1,,33.865494,130.787964,,,,,E,w}w,1,1,1,1,1,1,1,,,,,093-671-0801,h,093-663-0119,
wZ,,kBs_6-1,,33.865147,130.788803,,,,,E,w}w,1,1,1,1,1,1,1,,,,,093-671-0801,h,093-663-0119,
sZ^[,[,kBsl1-1,,33.862343,130.786209,,,,,E,w}w,1,1,1,1,1,1,1,,,,,093-671-0801,h,093-663-0119,
wZ,,kBsl4-1,,33.861263,130.78299,,,,,E,w}w,1,1,1,1,1,1,1,,,,,093-671-0801,h,093-663-0119,
Bw,,kBs6-1,,33.862934,130.79129,,,,,E,w}w,1,1,1,1,1,1,1,,,,,093-671-0801,h,093-663-0119,
wRsZ^[,[,kBsO1-1,,33.866566,130.779694,,,,,E,w}w,1,1,1,1,1,1,1,,,,,093-671-0801,h,093-663-0119,
{[e,[,kBs2-3,,33.865885,130.839851,,,,,E,w}w,1,1,1,0,0,1,1,,,,,093-671-0801,h,093-663-0119,
O,,kBs12,,33.866798,130.826797,,,,,E,w},1,1,1,1,1,1,1,,,,,,,,
,,kBs45,,33.866623,130.829453,,,,,E,w},1,1,1,1,1,1,1,,,,,,,,
c,,kBsH16,,33.856907,130.824768,,,,,E,w},1,1,1,1,1,1,1,,,,,,,,
R,,kBsR1,,33.854252,130.81665,,,,,E,w},0,0,1,0,1,1,0,,,,,,,,
},,kBso14,,33.875641,130.817551,,,,,E,w},1,1,1,1,1,0,1,,,,,,,,
F,,kBsO89,,33.866142,130.815994,,,,,E,w},0,0,1,0,1,1,0,,,,,,,,
c,,kBsc16,,33.870113,130.809082,,,,,E,w},1,1,1,1,1,1,1,,,,,,,,
,,kBsq,,33.853291,130.795425,,,,,E,w},0,0,1,0,1,1,0,,,,,,,,
,,kBs3,,33.865425,130.785812,,,,,E,w},1,1,1,1,1,1,1,,,,,,,,
,,kBsO1l,,33.865379,130.781387,,,,,E,w},1,1,1,1,1,1,1,,,,,,,,
wZ,,kBs4-1,,33.852634,130.768326,,,,,E,w}w,1,1,1,1,1,1,1,,,,,093-642-1441,h,093-622-0119,
wZ,,kBs1-1,,33.854218,130.768066,,,,,E,w}w,1,1,1,1,1,1,1,,,,,093-642-1441,h,093-622-0119,
sZ^[,[,kBsK_O4-3,,33.852303,130.763718,,,,,E,w}w,1,1,1,1,1,1,1,,,,,093-642-1441,h,093-622-0119,
wZ,,kBs1-1,,33.859226,130.770493,,,,,E,w}w,1,1,1,1,1,1,1,,,,,093-642-1441,h,093-622-0119,
sZ^[,[,kBs4-16,,33.858051,130.768326,,,,,E,w}w,1,1,1,1,1,1,1,,,,,093-642-1441,h,093-622-0119,
wZ,,kBscl4-24,,33.862881,130.770584,,,,,E,w}w,1,1,1,1,1,1,1,,,,,093-642-1441,h,093-622-0119,
kBswZ@2OEh,,kBswRO7-1,,33.863926,130.779068,,,,,E,w}w,1,1,1,1,1,1,1,,,,,093-642-1441,h,093-622-0119,
,,kBsc1-29,,33.868237,130.772308,,,,,E,w}w,1,1,1,0,0,0,1,,,,,093-642-1441,h,093-622-0119,
sZ^[,[,kBscl1-1,,33.864449,130.771423,,,,,E,w}w,1,1,1,1,1,1,1,,,,,093-642-1441,h,093-622-0119,
wZ,,kBs3-1,,33.86385,130.759903,,,,,E,w}w,1,1,1,1,1,1,1,,,,,093-642-1441,h,093-622-0119,
FwZ,,kBsR4-1,,33.862103,130.756302,,,,,E,w}w,1,1,1,1,1,1,1,,,,,093-642-1441,h,093-622-0119,
sZ^[,[,kBsR6-30,,33.861996,130.758926,,,,,E,w}w,1,1,1,1,1,1,1,,,,,093-642-1441,h,093-622-0119,
FwZ,,kBs7-1,,33.858074,130.760315,,,,,E,w}w,1,1,1,1,1,1,1,,,,,093-642-1441,h,093-622-0119,
wZ,,kBsRO3-1,,33.857574,130.75322,,,,,E,w}w,1,1,1,1,1,1,1,,,,,093-642-1441,h,093-622-0119,
FsZ^[,[,kBsK_l3-1,,33.854534,130.760376,,,,,E,w}w,1,1,1,1,1,1,1,,,,,093-642-1441,h,093-622-0119,
RwZ,,kBsR7-1,,33.86216,130.752304,,,,,E,w}w,1,1,1,1,1,1,1,,,,,093-642-1441,h,093-622-0119,
,,kBs4-1,,33.862442,130.748001,,,,,E,w}w,1,1,1,0,0,1,1,,,,,093-642-1441,h,093-622-0119,
RsZ^[,[,kBsR1-3,,33.861607,130.754166,,,,,E,w}w,1,1,1,1,1,1,1,,,,,093-642-1441,h,093-622-0119,
wZ,,kBsO5-1,,33.856609,130.75032,,,,,E,w}w,1,1,1,1,1,1,1,,,,,093-642-1441,h,093-622-0119,
wZ,,kBsO6-1,,33.856766,130.751785,,,,,E,w}w,1,1,1,1,1,1,1,,,,,093-642-1441,h,093-622-0119,
kBh[,[,kBsS5-2,,33.853512,130.752777,,,,,E,w}w,1,1,1,1,1,1,1,,,,,093-642-1441,h,093-622-0119,
wZ,,kBs13-1,,33.860928,130.744049,,,,,E,w}w,1,1,1,1,1,1,1,,,,,093-642-1441,h,093-622-0119,
E\JiZ^[i|eNZ^[j,[@[,kBsO5-1,,33.861412,130.742691,,,,,E,w}w,1,1,1,1,1,1,1,,,,,093-642-1441,h,093-622-0119,
w,,kBsw10-64,,33.866199,130.733948,,,,,E,w}w,1,1,1,0,0,1,1,,,,,093-642-1441,h,093-622-0119,
wsZ^[,[,kBswO23-9-101,,33.867706,130.742249,,,,,E,w}w,1,1,1,1,1,1,1,,,,,093-642-1441,h,093-622-0119,
|wZ,,kBs|18-1,,33.849834,130.743256,,,,,E,w}w,1,1,1,1,1,1,1,,,,,093-642-1441,h,093-622-0119,
xwZ,,kBsO7-1,,33.854359,130.744019,,,,,E,w}w,1,1,1,1,1,1,1,,,,,093-642-1441,h,093-622-0119,
sZ^[,[,kBsO3-1,,33.855396,130.744659,,,,,E,w}w,1,1,1,1,1,1,1,,,,,093-642-1441,h,093-622-0119,
|sZ^[,[,kBst7-1,,33.846863,130.743164,,,,,E,w}w,1,1,1,1,1,1,1,,,,,093-642-1441,h,093-622-0119,
}wZ,,kBs}l5-1,,33.847347,130.728714,,,,,E,w}w,1,1,1,1,1,1,1,,,,,093-642-1441,h,093-622-0119,
iwZ,,kBsil5-1,,33.842422,130.732285,,,,,E,w}w,1,1,1,1,1,1,1,,,,,093-642-1441,h,093-622-0119,
}sZ^[,[,kBs}O8-1,,33.844242,130.727417,,,,,E,w}w,1,1,1,1,1,1,1,,,,,093-642-1441,h,093-622-0119,
wZ,,kBsO15-1,,33.84589,130.75116,,,,,E,w}w,1,1,1,1,1,1,1,,,,,093-642-1441,h,093-622-0119,
wZ,,kBs14-1,,33.8493,130.758682,,,,,E,w}w,1,1,1,1,1,1,1,,,,,093-642-1441,h,093-622-0119,
HwZ,,kBs1-1,,33.845768,130.759903,,,,,E,w}w,1,1,1,1,1,1,1,,,,,093-642-1441,h,093-622-0119,
sZ^[,[,kBs9-1,,33.847221,130.75592,,,,,E,w}w,1,1,1,1,1,1,1,,,,,093-642-1441,h,093-622-0119,
iwZ,,kBs9-1,,33.840103,130.741226,,,,,E,w}w,1,1,1,1,1,1,1,,,,,093-642-1441,h,093-622-0119,
wZ,,kBsI6-1,,33.840202,130.744186,,,,,E,w}w,1,1,1,1,1,1,1,,,,,093-642-1441,h,093-622-0119,
i,,kBsi7-2,,33.836971,130.742401,,,,,E,w}w,1,1,1,0,0,1,1,,,,,093-642-1441,h,093-622-0119,
isZ^[,[,kBs9-2,,33.839378,130.740677,,,,,E,w}w,1,1,1,1,1,1,1,,,,,093-642-1441,h,093-622-0119,
Ir,,kBsI1-2,,33.842388,130.747055,,,,,E,w}w,1,1,1,1,1,1,1,,,,,093-642-1441,h,093-622-0119,
iwZ,,kBsil4-1,,33.835655,130.726608,,,,,E,w}w,0,0,1,0,1,1,0,,,,,093-642-1441,h,093-622-0119,
i,,kBsi2-33,,33.833782,130.730011,,,,,E,w}w,1,1,1,0,0,1,1,,,,,093-642-1441,h,093-622-0119,
isZ^[,[,kBsil21-13,,33.834442,130.729553,,,,,E,w}w,1,1,1,1,1,1,1,,,,,093-642-1441,h,093-622-0119,
wZ,,kBs6-1,,33.829983,130.742142,,,,,E,w}w,1,1,1,1,1,1,1,,,,,093-642-1441,h,093-622-0119,
cwZ,,kBscl18-1,,33.831902,130.741119,,,,,E,w}w,1,1,1,1,1,1,1,,,,,093-642-1441,h,093-622-0119,
sZ^[,[,kBsOXl6-1,,33.834747,130.739151,,,,,E,w}w,1,1,1,1,1,1,1,,,,,093-642-1441,h,093-622-0119,
wZ,,kBs3-1,,33.825279,130.737976,,,,,E,w}w,1,1,1,1,1,1,1,,,,,093-642-1441,h,093-622-0119,
t,,kBst14-20,,33.830227,130.734833,,,,,E,w}w,1,1,1,0,0,1,1,,,,,093-642-1441,h,093-622-0119,
sZ^[,[,kBs3-2,,33.824535,130.737823,,,,,E,w}w,1,1,1,1,1,1,1,,,,,093-642-1441,h,093-622-0119,
wZ,,kBs4-1,,33.835785,130.759537,,,,,E,w}w,1,1,1,1,1,1,1,,,,,093-642-1441,h,093-622-0119,
,,kBs4-52,,33.835548,130.757187,,,,,E,w}w,1,1,1,0,0,1,1,,,,,093-642-1441,h,093-622-0119,
sZ^[,[,kBs2-16,,33.83601,130.757553,,,,,E,w}w,1,1,1,1,1,1,1,,,,,093-642-1441,h,093-622-0119,
wZ,,kBs12-1,,33.825001,130.754257,,,,,E,w}w,1,1,1,1,1,1,1,,,,,093-642-1441,h,093-622-0119,
wZ,,kBsO12-1,,33.82896,130.755081,,,,,E,w}w,1,1,1,1,1,1,1,,,,,093-642-1441,h,093-622-0119,
sZ^[,[,kBs17-1,,33.823433,130.753998,,,,,E,w}w,1,1,1,1,1,1,1,,,,,093-642-1441,h,093-622-0119,
sZ^[,[,kBsO21-21,,33.825787,130.752762,,,,,E,w}w,1,1,1,1,1,1,1,,,,,093-642-1441,h,093-622-0119,
wZ,,kBs1-1,,33.859959,130.717621,,,,,E,w}w,1,1,1,1,1,1,1,,,,,093-642-1441,h,093-622-0119,
wZ,,kBsO5-1,,33.856056,130.718063,,,,,E,w}w,1,1,1,1,1,1,1,,,,,093-642-1441,h,093-622-0119,
,,kBs3-13,,33.854866,130.723434,,,,,E,w}w,1,1,1,0,0,1,1,,,,,093-642-1441,h,093-622-0119,
sZ^[,[,kBs9-1,,33.857685,130.7155,,,,,E,w}w,1,1,1,1,1,1,1,,,,,093-642-1441,h,093-622-0119,
JNz[,[,kBs6-1,,33.861916,130.716064,,,,,E,w}w,1,1,1,1,1,1,1,,,,,093-642-1441,h,093-622-0119,
wZ,,kBs2-1,,33.868244,130.722214,,,,,E,w}w,1,1,1,1,1,1,1,,,,,093-642-1441,h,093-622-0119,
wZ,,kBs{3-1,,33.867374,130.726608,,,,,E,w}w,1,1,1,1,1,1,1,,,,,093-642-1441,h,093-622-0119,
sZ^[,[,kBs2-50,,33.866364,130.719986,,,,,E,w}w,1,1,1,1,1,1,1,,,,,093-642-1441,h,093-622-0119,
wZ,,kBs15-1,,33.857834,130.707855,,,,,E,w}w,1,1,1,1,1,1,1,,,,,093-642-1441,h,093-622-0119,
BNwZ,,kBsO5-1,,33.867401,130.711716,,,,,E,w}w,1,1,1,1,1,1,1,,,,,093-642-1441,h,093-622-0119,
,,kBsO3-33,,33.866665,130.711472,,,,,E,w}w,1,1,1,0,0,1,1,,,,,093-642-1441,h,093-622-0119,
V,,kBsV3-15,,33.856525,130.711777,,,,,E,w}w,1,1,1,0,0,1,1,,,,,093-642-1441,h,093-622-0119,
sZ^[,[,kBsg22-20,,33.86198,130.701813,,,,,E,w}w,1,1,1,1,1,1,1,,,,,093-642-1441,h,093-622-0119,
{wZ,,kBs{23-1,,33.879215,130.729279,,,,,E,w}w,1,1,1,1,1,1,1,,,,,093-642-1441,h,093-622-0119,
{cnW(),@,kBs{7-17,,33.876484,130.736664,,,,,E,w}w,1,1,1,0,0,1,1,,,,,093-642-1441,h,093-622-0119,
{Z{,,kBsJl16-1,,33.890259,130.730698,,,,,E,w}w,1,1,1,1,1,1,1,,,,,093-642-1441,h,093-622-0119,
{sZ^[,[,kBs{15-1,,33.879883,130.72998,,,,,E,w}w,1,1,1,1,1,1,1,,,,,093-642-1441,h,093-622-0119,
wZ,,kBs{6-1,,33.872406,130.729156,,,,,E,w}w,1,1,1,1,1,1,1,,,,,093-642-1441,h,093-622-0119,
{wZ,,kBs{Z14-1,,33.873924,130.729095,,,,,E,w}w,1,1,1,1,1,1,1,,,,,093-642-1441,h,093-622-0119,
a,,kBsa28-19,,33.872166,130.726593,,,,,E,w}w,1,1,1,0,0,1,1,,,,,093-642-1441,h,093-622-0119,
sZ^[,[,kBsa28-26,,33.872429,130.727036,,,,,E,w}w,1,1,1,1,1,1,1,,,,,093-642-1441,h,093-622-0119,
uwZ,,kBs10-1,,33.877769,130.718201,,,,,E,w}w,1,1,1,1,1,1,1,,,,,093-642-1441,h,093-622-0119,
X|[cZ^[,[[,kBsYO9-1,,33.872784,130.711411,,,,,E,w}w,1,1,1,1,1,1,1,,,,,093-642-1441,h,093-622-0119,
Yw,,kBsu1-1,,33.87886,130.712753,,,,,E,w}w,1,1,1,1,1,1,1,,,,,093-642-1441,h,093-622-0119,
usZ^[,[,kBs12-15,,33.87513,130.71843,,,,,E,w}w,1,1,1,1,1,1,1,,,,,093-642-1441,h,093-622-0119,
wZ,,kBs10-1,,33.882427,130.696701,,,,,E,w}w,0,0,1,1,1,1,0,,,,,093-642-1441,h,093-622-0119,
Oc,,kBsO10-1,,33.879944,130.688599,,,,,E,w}w,0,0,1,0,0,1,0,,,,,093-642-1441,h,093-622-0119,
{,,kBs14-28,,33.881382,130.702209,,,,,E,w}w,0,0,1,0,0,1,0,,,,,093-642-1441,h,093-622-0119,
sZ^[,[,kBs1-10,,33.881008,130.699081,,,,,E,w}w,0,0,1,1,1,1,0,,,,,093-642-1441,h,093-622-0119,
Bw,,kBsRu1-8,,33.872383,130.703903,,,,,E,w}w,1,1,1,1,1,1,1,,,,,093-642-1441,h,093-622-0119,
BqwEBqZw,@,kBsRu1-1,,33.869263,130.708725,,,,,E,w}w,1,1,1,1,1,1,1,,,,,093-642-1441,h,093-622-0119,
RuwZ,,kBsRu1-3,,33.866573,130.705688,,,,,E,w}w,1,1,1,1,1,1,1,,,,,093-642-1441,h,093-622-0119,
wZ,,kBs4-1,,33.882664,130.714294,,,,,E,w}w,1,1,1,1,1,1,1,,,,,093-642-1441,h,093-622-0119,
wZ,,kBsw4-1,,33.882561,130.707474,,,,,E,w}w,1,1,1,1,1,1,1,,,,,093-642-1441,h,093-622-0119,
sZ^[,[,kBsw23-2,,33.881916,130.70723,,,,,E,w}w,1,1,1,1,1,1,1,,,,,093-642-1441,h,093-622-0119,
wZ,,kBs17-1,,33.808487,130.738022,,,,,E,w}w,1,1,1,1,1,1,1,,,,,093-642-1441,h,093-622-0119,
wZ,,kBs23-1,,33.80658,130.743591,,,,,E,w}w,1,1,1,1,1,1,1,,,,,093-642-1441,h,093-622-0119,
sZ^[,[,kBs27-1,,33.805294,130.743591,,,,,E,w}w,1,1,1,1,1,1,1,,,,,093-642-1441,h,093-622-0119,
wZ,,kBsl5-1,,33.820084,130.75145,,,,,E,w}w,1,1,1,1,1,1,1,,,,,093-642-1441,h,093-622-0119,
wZ,,kBsl16-1,,33.819542,130.749832,,,,,E,w}w,1,1,1,1,1,1,1,,,,,093-642-1441,h,093-622-0119,
,,kBs3-22,,33.818859,130.754028,,,,,E,w}w,1,1,1,0,0,1,1,,,,,093-642-1441,h,093-622-0119,
cnW,,kBsO9-2-208,,33.809425,130.754562,,,,,E,w}w,1,1,1,1,1,1,1,,,,,093-642-1441,h,093-622-0119,
,,kBs5-30,,33.820755,130.745377,,,,,E,w}w,1,1,1,0,0,1,1,,,,,093-642-1441,h,093-622-0119,
rcwZ,,kBsrcO2-1,,33.798912,130.747238,,,,,E,w}w,1,1,1,1,1,1,1,,,,,093-642-1441,h,093-622-0119,
nR,,kBs9-18,,33.795132,130.740845,,,,,E,w}w,1,1,1,0,0,1,1,,,,,093-642-1441,h,093-622-0119,
,,kBs8-4,,33.805237,130.749115,,,,,E,w}w,0,0,1,0,0,1,0,,,,,093-642-1441,h,093-622-0119,
rcsZ^[,[,kBs6-3,,33.796459,130.745316,,,,,E,w}w,1,1,1,1,1,1,1,,,,,093-642-1441,h,093-622-0119,
wZ,,kBsO3-1,,33.801414,130.728546,,,,,E,w}w,0,0,1,1,1,1,0,,,,,093-642-1441,h,093-622-0119,
,,kBs17-53,,33.80434,130.729889,,,,,E,w}w,0,0,1,0,0,1,0,,,,,093-642-1441,h,093-622-0119,
sZ^[,[,kBs7-1,,33.802696,130.733154,,,,,E,w}w,1,1,1,1,1,0,1,,,,,093-642-1441,h,093-622-0119,
X|[cZ^[,[[,kBs9-1,,33.8028888,130.734458,,,,,E,w}w,1,1,1,1,1,1,1,,,,,093-642-1441,h,093-622-0119,
sTuZ^[,[,kBs]O6-20,,33.8027727,130.715328,,,,,E,w}w,1,1,1,1,1,1,1,,,,,093-642-1441,h,093-622-0119,
wZ,,kBs3-1,,33.794838,130.73262,,,,,E,w}w,1,1,1,1,1,1,1,,,,,093-642-1441,h,093-622-0119,
wZ,,kBs6-1,,33.796734,130.734772,,,,,E,w}w,1,1,1,1,1,1,1,,,,,093-642-1441,h,093-622-0119,
nZ^[,[,kBs16-22,,33.788906,130.718292,,,,,E,w}w,1,1,1,1,1,1,1,,,,,093-642-1441,h,093-622-0119,
sZ^[,[,kBsnR7-41,,33.790993,130.735382,,,,,E,w}w,1,1,1,1,1,1,1,,,,,093-642-1441,h,093-622-0119,
wZ,,kBs630,,33.778793,130.728653,,,,,E,w}w,1,1,1,1,1,1,1,,,,,093-642-1441,h,093-622-0119,
,,kBsO12-1,,33.785641,130.742905,,,,,E,w}w,1,1,1,0,0,1,1,,,,,093-642-1441,h,093-622-0119,
nZ^[,[,kBs8-35,,33.784142,130.740387,,,,,E,w}w,1,1,1,1,1,1,1,,,,,093-642-1441,h,093-622-0119,
sZ^[,[,kBs770,,33.779663,130.727951,,,,,E,w}w,0,0,1,1,1,1,0,,,,,093-642-1441,h,093-622-0119,
uwZ,,kBsu7-1,,33.773537,130.753662,,,,,E,w}w,1,1,1,1,1,1,1,,,,,093-642-1441,h,093-622-0119,
wZ,,kBs1942-5,,33.780136,130.747849,,,,,E,w}w,1,1,1,1,1,1,1,,,,,093-642-1441,h,093-622-0119,
h,,kBs1703-6,,33.776203,130.745453,,,,,E,w}w,1,1,1,0,0,1,1,,,,,093-642-1441,h,093-622-0119,
usZ^[,[,kBsc920-8,,33.777428,130.748978,,,,,E,w}w,1,1,1,1,1,1,1,,,,,093-642-1441,h,093-622-0119,
wZ,,kBs1-1,,33.855278,130.785309,,,,,E,w}w,1,1,1,1,1,1,1,,,,,093-642-1441,h,093-622-0119,
,,kBs7-3,,33.858624,130.785385,,,,,E,w}w,1,1,1,0,0,1,1,,,,,093-642-1441,h,093-622-0119,
T[Ohze,[,kBsV2-1,,33.856406,130.712741,,,,,E,w}w,1,1,1,1,1,1,1,,,,,093-642-1441,h,093-622-0119,
c,,kBscO5-3,,33.829963,130.746135,,,,,E,w}w,1,1,1,0,0,1,1,,,,,093-642-1441,h,093-622-0119,
c,,kBsc4,,33.860241,130.766937,,,,,E,w},1,1,1,1,1,1,1,,,,,,,,
Rn,,kBs~9`13~2`810M56l112`14,,33.871094,130.772614,,,,,E,w},0,0,1,0,1,1,0,,,,,,,,
c,,kBsK_l3,,33.854317,130.760742,,,,,E,w},1,1,1,1,1,1,1,,,,,,,,
Xn,,kBsK_冥O冥Y冥,,33.859299,130.763306,,,,,E,w},1,1,1,1,1,1,1,,,,,,,,
,,kBs4,,33.862804,130.74765,,,,,E,w},1,1,1,1,1,1,1,,,,,,,,
c@,,kBsR1RO1R12,,33.860443,130.754913,,,,,E,w},1,1,1,1,1,1,1,,,,,,,,
R_r,,kBsS1,,33.852341,130.753571,,,,,E,w},1,1,1,1,1,1,1,,,,,,,,
r,,kBs15,,33.852921,130.747818,,,,,E,w},1,1,1,1,1,1,1,,,,,,,,
[n,,kBs[,,33.86964,130.742172,,,,,E,w},1,1,1,1,0,1,1,,,,,,,,
,,kBs樯O6,,33.855217,130.743469,,,,,E,w},1,1,1,1,1,1,1,,,,,,,,
q,,kBs|15t1,,33.846043,130.748169,,,,,E,w},1,1,1,1,1,1,1,,,,,,,,
i,,kBs}l1k}8k}20,,33.845787,130.73172,,,,,E,w},1,1,1,1,1,1,1,,,,,,,,
iX,,kBsi郅14,,33.839855,130.72081,,,,,E,w},0,0,1,0,1,1,0,,,,,,,,
,,kBs9,,33.846886,130.756622,,,,,E,w},1,1,1,1,1,1,1,,,,,,,,
Ir,,kBsI123,,33.840954,130.747711,,,,,E,w},1,1,1,1,1,1,1,,,,,,,,
,,kBs32,,33.819118,130.744553,,,,,E,w},1,1,1,1,1,1,1,,,,,,,,
,,kBs2,,33.832027,130.754166,,,,,E,w},0,0,1,0,1,1,0,,,,,,,,
,,kBsl18,,33.826832,130.759064,,,,,E,w},1,1,1,1,1,1,1,,,,,,,,
R,,kBsRO6,,33.848476,130.715179,,,,,E,w},1,1,1,1,1,1,1,,,,,,,,
{,,kBs{123,,33.864864,130.724365,,,,,E,w},1,1,1,1,1,1,1,,,,,,,,
P,,kBs,,33.850681,130.711502,,,,,E,w},1,1,1,1,1,1,1,,,,,,,,
,,kBsO5,,33.8673653,130.713533,,,,,E,w},1,1,1,1,1,1,1,,,,,,,,
,,kBs24,,33.853767,130.715469,,,,,E,w},1,1,1,1,1,1,1,,,,,,,,
{,,kBs{17,,33.875626,130.736877,,,,,E,w},1,1,1,1,1,1,1,,,,,,,,
{,,kBsJl16,,33.889175,130.732864,,,,,E,w},1,1,1,1,1,1,1,,,,,,,,
Cn,,kBs{35{9k12,,33.883743,130.73909,,,,,E,w},1,1,1,1,1,1,1,,,,,,,,
kn,,kBs{5,,33.885059,130.743759,,,,,E,w},1,1,1,1,0,1,1,,,,,,,,
{,,kBs12,,33.875023,130.719193,,,,,E,w},1,1,1,1,1,1,1,,,,,,,,
mJ,,kBs,,33.865685,130.703918,,,,,E,w},1,1,1,1,1,1,1,,,,,,,,
,,kBsl20,,33.877636,130.694641,,,,,E,w},0,0,1,0,1,1,0,,,,,,,,
r,,kBs13O1125{椁O16,,33.884644,130.720413,,,,,E,w},0,0,1,0,1,1,0,,,,,,,,
w,,kBswO1,,33.883701,130.709991,,,,,E,w},1,1,1,1,1,1,1,,,,,,,,
g,,kBsg13,,33.80687,130.7332,,,,,E,w},0,0,1,0,1,1,0,,,,,,,,
,,kBsO7,,33.80838,130.745636,,,,,E,w},1,1,1,1,1,1,1,,,,,,,,
r,,kBs123410,,33.806335,130.739914,,,,,E,w},1,1,1,1,1,1,1,,,,,,,,
nR,,kBsrcO76,,33.797256,130.744492,,,,,E,w},1,1,1,1,1,1,1,,,,,,,,
,,kBs9,,33.80291,130.735352,,,,,E,w},1,1,1,1,1,1,1,,,,,,,,
,,kBsl1,,33.80061,130.725204,,,,,E,w},1,1,1,1,1,1,1,,,,,,,,
,,kBs15,,33.791096,130.718521,,,,,E,w},1,1,1,1,1,1,1,,,,,,,,
,,kBs,,33.786186,130.723999,,,,,E,w},0,0,1,1,1,1,0,,,,,,,,
,,kBsO1,,33.785946,130.740341,,,,,E,w},1,1,1,1,1,1,1,,,,,,,,
u,,kBsuZ2,,33.772869,130.749268,,,,,E,w},1,1,1,1,1,1,1,,,,,,,,
X,,kBsw搐激351826,,33.857822,130.728455,,,,,E,w},0,0,1,0,1,1,0,,,,,,,,
n,,kBsnRl冥,,33.795231,130.738754,,,,,E,w},1,1,1,1,1,1,1,,,,,,,,
